Generation	Ne
1	86.328616
1	76.109692
1	78.296767
1	77.344209
1	79.428959
1	80.82319
1	81.846449
1	76.768037
1	76.561116
1	79.741705
1	74.778938
1	79.91621
1	78.503961
1	76.773913
1	74.164585
1	81.001602
1	73.928382
1	76.771469
1	77.10709
1	71.845902
1	77.125445
1	75.874301
1	78.348491
1	78.171261
1	80.589535
1	78.450193
1	79.250095
1	81.934049
1	79.259589
1	84.295477
1	77.809872
1	79.003373
1	78.50726
1	80.836781
1	75.110961
1	81.568961
1	81.687176
1	80.819866
1	79.352048
1	77.187495
1	80.207748
1	76.224945
1	79.751583
1	75.136241
1	76.864185
1	78.838319
1	76.972713
1	73.894718
1	81.125946
1	78.477346
2	86.328616
2	76.109692
2	78.296767
2	77.344209
2	79.428959
2	80.82319
2	81.846449
2	76.768037
2	76.561116
2	79.741705
2	74.778938
2	79.91621
2	78.503961
2	76.773913
2	74.164585
2	81.001602
2	73.928382
2	76.771469
2	77.10709
2	71.845902
2	77.125445
2	75.874301
2	78.348491
2	78.171261
2	80.589535
2	78.450193
2	79.250095
2	81.934049
2	79.259589
2	84.295477
2	77.809872
2	79.003373
2	78.50726
2	80.836781
2	75.110961
2	81.568961
2	81.687176
2	80.819866
2	79.352048
2	77.187495
2	80.207748
2	76.224945
2	79.751583
2	75.136241
2	76.864185
2	78.838319
2	76.972713
2	73.894718
2	81.125946
2	78.477346
3	86.328616
3	76.109692
3	78.296767
3	77.344209
3	79.428959
3	80.82319
3	81.846449
3	76.768037
3	76.561116
3	79.741705
3	74.778938
3	79.91621
3	78.503961
3	76.773913
3	74.164585
3	81.001602
3	73.928382
3	76.771469
3	77.10709
3	71.845902
3	77.125445
3	75.874301
3	78.348491
3	78.171261
3	80.589535
3	78.450193
3	79.250095
3	81.934049
3	79.259589
3	84.295477
3	77.809872
3	79.003373
3	78.50726
3	80.836781
3	75.110961
3	81.568961
3	81.687176
3	80.819866
3	79.352048
3	77.187495
3	80.207748
3	76.224945
3	79.751583
3	75.136241
3	76.864185
3	78.838319
3	76.972713
3	73.894718
3	81.125946
3	78.477346
4	86.328616
4	76.109692
4	78.296767
4	77.344209
4	79.428959
4	80.82319
4	81.846449
4	76.768037
4	76.561116
4	79.741705
4	74.778938
4	79.91621
4	78.503961
4	76.773913
4	74.164585
4	81.001602
4	73.928382
4	76.771469
4	77.10709
4	71.845902
4	77.125445
4	75.874301
4	78.348491
4	78.171261
4	80.589535
4	78.450193
4	79.250095
4	81.934049
4	79.259589
4	84.295477
4	77.809872
4	79.003373
4	78.50726
4	80.836781
4	75.110961
4	81.568961
4	81.687176
4	80.819866
4	79.352048
4	77.187495
4	80.207748
4	76.224945
4	79.751583
4	75.136241
4	76.864185
4	78.838319
4	76.972713
4	73.894718
4	81.125946
4	78.477346
5	85.631507
5	76.109692
5	79.256402
5	76.52824
5	79.292573
5	79.160351
5	81.473942
5	77.499
5	73.904912
5	79.585584
5	75.180737
5	78.14299
5	78.099586
5	76.773913
5	78.257248
5	78.91698
5	77.146988
5	73.581949
5	75.415803
5	77.913241
5	76.984106
5	79.328415
5	77.113712
5	77.341736
5	75.295673
5	78.327827
5	78.688798
5	79.164704
5	77.76717
5	83.309451
5	78.291723
5	75.364758
5	77.806958
5	77.321399
5	77.940207
5	81.453906
5	81.163081
5	76.862087
5	77.696858
5	77.639394
5	80.48184
5	76.224945
5	76.080298
5	74.901829
5	76.163015
5	76.569301
5	77.255457
5	73.894718
5	80.780472
5	78.021873
6	85.631507
6	76.918566
6	78.902485
6	77.341129
6	78.690411
6	77.901271
6	80.601393
6	77.499
6	73.904912
6	78.558572
6	75.597815
6	77.695639
6	76.797869
6	76.758687
6	79.022077
6	77.292444
6	77.836697
6	73.745045
6	74.633982
6	82.204112
6	77.237683
6	80.374282
6	77.627648
6	75.792562
6	75.373647
6	78.646461
6	78.614828
6	76.41155
6	77.496409
6	83.309451
6	78.203301
6	75.364758
6	76.497237
6	75.343497
6	77.542292
6	77.320557
6	81.817313
6	75.458888
6	77.835884
6	78.349599
6	79.873627
6	77.067475
6	75.659612
6	74.720337
6	77.390998
6	76.569301
6	76.714532
6	74.398109
6	79.677872
6	76.393222
7	85.631507
7	78.944789
7	78.053461
7	78.034944
7	78.42164
7	77.934104
7	76.119241
7	77.499
7	73.904912
7	77.811408
7	75.597815
7	77.199504
7	76.797869
7	78.539562
7	79.54107
7	77.292444
7	77.836697
7	72.945948
7	72.542251
7	82.204112
7	78.191336
7	80.374282
7	77.627648
7	74.450437
7	75.163878
7	78.946683
7	76.595543
7	74.813496
7	77.55371
7	81.502689
7	78.745567
7	75.364758
7	76.497237
7	74.386969
7	77.542292
7	77.320557
7	81.62936
7	75.458888
7	77.374091
7	78.333653
7	79.14447
7	76.676108
7	75.274538
7	74.256241
7	77.530351
7	76.569301
7	76.714532
7	76.177603
7	79.564915
7	76.142294
8	85.631507
8	78.89567
8	77.848253
8	78.432299
8	78.450429
8	77.726273
8	76.119241
8	77.300752
8	73.904912
8	77.811408
8	76.33188
8	77.107673
8	77.034846
8	78.539562
8	79.54107
8	77.292444
8	77.836697
8	72.945948
8	72.542251
8	82.204112
8	78.876525
8	80.045953
8	77.627648
8	72.423162
8	75.029211
8	78.946683
8	75.601546
8	74.813496
8	77.561692
8	79.248886
8	78.745567
8	75.364758
8	77.151773
8	74.386969
8	77.542292
8	77.320557
8	81.62936
8	75.458888
8	77.012394
8	78.592936
8	78.769757
8	76.079103
8	75.274538
8	74.256241
8	77.530351
8	76.569301
8	76.714532
8	76.230959
8	79.411423
8	76.142294
9	75.770016
9	79.033383
9	77.848253
9	78.432299
9	77.576725
9	77.726273
9	76.119241
9	77.550357
9	78.355536
9	76.771907
9	81.525866
9	77.107673
9	77.221517
9	78.539562
9	79.085953
9	76.541529
9	78.973823
9	77.176359
9	72.542251
9	82.32794
9	79.082366
9	80.106552
9	79.845786
9	72.423162
9	77.176741
9	79.505882
9	75.601546
9	75.363614
9	77.561692
9	77.466736
9	80.462233
9	78.77685
9	77.394949
9	74.386969
9	77.281905
9	76.771257
9	80.474812
9	75.679167
9	77.325525
9	79.205993
9	78.769757
9	75.505955
9	75.456862
9	74.256241
9	77.827261
9	77.827239
9	76.893487
9	77.19504
9	79.55169
9	76.142294
10	71.367529
10	79.033383
10	78.711067
10	78.432299
10	77.76008
10	77.688428
10	76.083051
10	77.550357
10	79.758626
10	77.406759
10	83.814603
10	78.650406
10	80.152288
10	79.199387
10	78.308039
10	77.034606
10	79.434427
10	77.833258
10	71.9422
10	88.293052
10	79.51806
10	80.041905
10	81.234269
10	72.423162
10	77.176741
10	79.579801
10	75.601546
10	75.720345
10	76.75715
10	77.466736
10	83.086771
10	80.561124
10	80.031995
10	78.727311
10	79.676224
10	79.030092
10	80.312452
10	75.52386
10	77.308122
10	79.205993
10	78.498057
10	76.124257
10	76.744157
10	74.256241
10	77.471275
10	77.232575
10	76.949779
10	77.19504
10	79.55169
10	77.164929
11	71.367529
11	81.301779
11	80.324329
11	80.187737
11	77.76008
11	77.778093
11	74.522462
11	77.550357
11	79.758626
11	77.274542
11	83.814603
11	79.512568
11	80.152288
11	83.297062
11	79.440147
11	76.858865
11	79.434427
11	78.079943
11	71.157339
11	88.293052
11	80.007078
11	80.041905
11	81.727653
11	75.873384
11	77.761876
11	80.310574
11	75.480726
11	77.672057
11	80.242072
11	77.466736
11	83.326862
11	80.561124
11	80.267675
11	83.696345
11	79.84326
11	79.030092
11	80.776252
11	75.182195
11	77.308122
11	79.205993
11	78.498057
11	76.124257
11	77.416138
11	77.116534
11	76.803778
11	79.497046
11	76.949779
11	77.19504
11	79.488201
11	77.48459
12	71.367529
12	83.655904
12	80.347844
12	84.235113
12	77.918442
12	80.086516
12	74.522462
12	78.764139
12	79.758626
12	77.274542
12	83.814603
12	79.573373
12	80.152288
12	83.297062
12	79.440147
12	75.833073
12	79.5796
12	78.079943
12	71.157339
12	88.293052
12	81.394733
12	80.041905
12	81.727653
12	83.602191
12	77.883761
12	80.888444
12	77.871937
12	78.481884
12	82.115606
12	77.27395
12	83.326862
12	80.561124
12	80.07039
12	83.696345
12	79.84326
12	79.030092
12	80.517069
12	76.350978
12	77.675355
12	78.31987
12	79.280967
12	79.412052
12	77.416138
12	85.032085
12	76.803778
12	80.296132
12	76.949779
12	80.83682
12	79.734777
12	76.715157
13	71.367529
13	85.95956
13	80.347844
13	87.033588
13	77.918442
13	81.686352
13	74.522462
13	80.549197
13	83.887318
13	78.606983
13	83.814603
13	79.573373
13	81.171166
13	83.297062
13	80.164905
13	75.833073
13	79.5796
13	81.020733
13	71.157339
13	88.293052
13	82.222538
13	84.209076
13	82.349656
13	83.602191
13	79.188901
13	80.888444
13	77.871937
13	78.481884
13	82.115606
13	75.432535
13	82.100301
13	82.005965
13	80.07039
13	83.696345
13	79.84326
13	79.222442
13	80.517069
13	76.796062
13	81.502672
13	79.332338
13	79.280967
13	84.469932
13	79.762158
13	85.032085
13	76.888649
13	80.296132
13	76.949779
13	89.334097
13	80.329771
13	76.715157
14	71.974284
14	85.95956
14	80.347844
14	88.248003
14	77.918442
14	82.410115
14	74.469064
14	81.29985
14	92.102654
14	79.830819
14	88.270315
14	79.573373
14	86.030888
14	83.297062
14	82.335645
14	77.261219
14	79.5796
14	84.987225
14	71.157339
14	91.051937
14	84.349214
14	85.548325
14	82.558755
14	83.602191
14	79.188901
14	80.888444
14	77.871937
14	78.481884
14	82.115606
14	75.470865
14	81.115333
14	89.419994
14	84.110374
14	83.626147
14	81.366644
14	80.051935
14	80.517069
14	79.786719
14	81.502672
14	79.332338
14	78.225349
14	84.469932
14	80.420248
14	85.032085
14	78.947949
14	81.103262
14	87.574825
14	89.334097
14	81.149585
14	76.715157
15	72.294914
15	85.603372
15	81.545962
15	88.248003
15	79.732009
15	83.206712
15	80.414307
15	82.053502
15	92.102654
15	82.263341
15	88.270315
15	80.825494
15	86.030888
15	87.31515
15	82.335645
15	80.475523
15	82.781329
15	93.546693
15	102.0004
15	91.051937
15	87.186357
15	88.520305
15	82.558755
15	84.562593
15	81.700978
15	81.522681
15	77.871937
15	78.481884
15	82.115606
15	75.470865
15	80.105411
15	89.419994
15	88.936976
15	88.454276
15	88.139108
15	80.051935
15	81.749478
15	82.397994
15	81.502672
15	79.332338
15	78.225349
15	84.469932
15	85.428001
15	86.7308
15	81.028608
15	81.103262
15	87.574825
15	89.334097
15	81.851412
15	76.715157
16	77.114271
16	88.375058
16	91.410708
16	88.821825
16	87.209836
16	84.885952
16	80.414307
16	83.95454
16	92.102654
16	82.263341
16	88.270315
16	87.778406
16	86.030888
16	90.949123
16	82.335645
16	93.137434
16	94.713685
16	93.546693
16	102.0004
16	91.051937
16	87.186357
16	90.50498
16	82.558755
16	92.112804
16	85.243399
16	85.238625
16	89.762656
16	90.584111
16	88.254457
16	75.470865
16	80.105411
16	89.419994
16	91.023137
16	90.904507
16	88.139108
16	82.059347
16	83.12872
16	82.397994
16	81.502672
16	84.29076
16	79.256197
16	85.977952
16	85.428001
16	93.786528
16	86.251097
16	81.103262
16	87.574825
16	89.334097
16	81.851412
16	81.703293
17	77.114271
17	88.375058
17	91.410708
17	89.203152
17	87.209836
17	85.800565
17	80.414307
17	83.95454
17	93.769892
17	82.263341
17	88.270315
17	87.778406
17	86.030888
17	90.949123
17	84.794775
17	93.137434
17	94.713685
17	93.546693
17	102.0004
17	91.051937
17	87.604066
17	90.50498
17	84.436481
17	92.112804
17	85.243399
17	89.504318
17	95.144951
17	90.584111
17	88.254457
17	75.470865
17	80.105411
17	90.812584
17	91.023137
17	90.904507
17	88.139108
17	84.962234
17	83.12872
17	82.397994
17	95.590062
17	95.967251
17	81.623685
17	96.792606
17	85.428001
17	101.64397
17	102.18942
17	81.103262
17	87.574825
17	114.61147
17	81.851412
17	96.806589
18	77.114271
18	88.375058
18	91.410708
18	89.203152
18	87.209836
18	88.228032
18	80.414307
18	83.95454
18	107.54675
18	83.595249
18	97.250805
18	87.778406
18	101.21192
18	90.949123
18	106.91082
18	93.137434
18	94.713685
18	95.793197
18	102.0004
18	101.82641
18	87.604066
18	90.50498
18	93.073697
18	92.112804
18	85.243399
18	89.504318
18	95.144951
18	90.584111
18	88.254457
18	90.194503
18	81.630846
18	100.70921
18	95.891414
18	90.904507
18	88.139108
18	93.134007
18	83.12872
18	93.287621
18	95.590062
18	95.967251
18	89.265917
18	96.792606
18	85.428001
18	101.64397
18	102.18942
18	93.758767
18	106.08937
18	118.17278
18	87.465367
18	96.806589
19	77.114271
19	88.375058
19	93.600649
19	89.203152
19	87.209836
19	88.228032
19	104.62016
19	83.95454
19	107.54675
19	98.143219
19	97.250805
19	87.778406
19	101.21192
19	93.942281
19	106.91082
19	93.137434
19	94.713685
19	115.52207
19	144.90961
19	101.82641
19	88.849344
19	95.221739
19	93.073697
19	92.112804
19	87.849102
19	89.504318
19	95.144951
19	90.584111
19	88.254457
19	90.194503
19	93.301997
19	104.53869
19	98.880515
19	92.603344
19	118.04625
19	99.949045
19	86.480546
19	114.2074
19	95.590062
19	95.967251
19	89.265917
19	96.792606
19	114.31372
19	101.64397
19	102.18942
19	99.380884
19	106.08937
19	118.17278
19	92.838353
19	96.806589
20	105.71797
20	110.9035
20	116.0056
20	92.022171
20	112.10319
20	93.781131
20	104.62016
20	113.47766
20	107.54675
20	98.143219
20	97.250805
20	104.30637
20	101.21192
20	118.58256
20	106.91082
20	109.63085
20	140.42296
20	115.52207
20	144.90961
20	101.82641
20	88.849344
20	111.66039
20	93.073697
20	122.79876
20	114.83368
20	92.377418
20	100.71433
20	115.5565
20	113.18216
20	90.194503
20	93.301997
20	104.53869
20	109.34415
20	106.42724
20	118.04625
20	99.949045
20	97.105939
20	114.2074
20	95.590062
20	98.302043
20	89.265917
20	96.792606
20	114.31372
20	107.62775
20	102.18942
20	108.83629
20	106.08937
20	118.17278
20	99.581314
20	96.806589
21	105.71797
21	110.9035
21	116.0056
21	120.11391
21	112.10319
21	116.11383
21	104.62016
21	113.47766
21	107.54675
21	98.143219
21	97.250805
21	104.30637
21	101.21192
21	118.58256
21	106.91082
21	109.63085
21	140.42296
21	115.52207
21	144.90961
21	101.82641
21	88.849344
21	111.66039
21	93.073697
21	122.79876
21	114.83368
21	114.63947
21	129.25459
21	115.5565
21	113.18216
21	90.194503
21	93.301997
21	104.53869
21	109.34415
21	106.42724
21	118.04625
21	99.949045
21	97.105939
21	114.2074
21	124.48591
21	122.2263
21	96.457287
21	145.39822
21	114.31372
21	133.32322
21	131.80819
21	108.83629
21	106.08937
21	128.80282
21	99.581314
21	130.45814
22	105.71797
22	110.9035
22	116.0056
22	120.11391
22	112.10319
22	116.11383
22	104.62016
22	113.47766
22	139.87013
22	98.143219
22	134.36733
22	104.30637
22	133.42179
22	118.58256
22	144.57227
22	109.63085
22	140.42296
22	115.52207
22	144.90961
22	122.63468
22	88.849344
22	111.66039
22	128.35158
22	122.79876
22	114.83368
22	114.63947
22	129.25459
22	115.5565
22	113.18216
22	126.29199
22	98.819019
22	115.66187
22	109.34415
22	106.42724
22	118.04625
22	110.85881
22	97.105939
22	114.2074
22	124.48591
22	122.2263
22	135.39366
22	145.39822
22	114.31372
22	136.76143
22	131.80819
22	118.67212
22	147.12216
22	136.32875
22	99.581314
22	130.45814
23	105.71797
23	110.9035
23	116.0056
23	120.11391
23	112.10319
23	116.11383
23	174.6363
23	113.47766
23	139.87013
23	152.76701
23	134.36733
23	104.30637
23	133.42179
23	122.58089
23	144.57227
23	109.63085
23	140.42296
23	161.90886
23	188.38991
23	127.00526
23	158.83036
23	115.89259
23	128.35158
23	122.79876
23	114.83368
23	114.63947
23	129.25459
23	115.5565
23	113.18216
23	126.29199
23	164.89432
23	122.2549
23	116.87139
23	106.42724
23	161.10351
23	131.41867
23	101.18912
23	155.80866
23	124.48591
23	122.2263
23	135.39366
23	145.39822
23	161.83328
23	136.76143
23	131.80819
23	128.35077
23	151.23382
23	136.32875
23	109.33273
23	130.45814
24	173.32225
24	154.59762
24	158.10132
24	120.11391
24	165.15622
24	116.11383
24	174.6363
24	200.73885
24	139.87013
24	152.76701
24	134.36733
24	160.85881
24	133.42179
24	153.09128
24	144.57227
24	142.26026
24	186.89157
24	161.90886
24	188.38991
24	127.00526
24	158.83036
24	157.23108
24	128.35158
24	170.44081
24	192.59196
24	114.63947
24	129.25459
24	172.98994
24	155.431
24	126.29199
24	164.89432
24	136.78847
24	150.6835
24	154.81815
24	161.10351
24	142.6964
24	144.47659
24	162.4415
24	124.48591
24	122.2263
24	135.39366
24	145.39822
24	161.83328
24	136.76143
24	131.80819
24	162.45117
24	151.23382
24	136.32875
24	148.7368
24	130.45814
25	173.32225
25	154.59762
25	158.10132
25	174.58105
25	171.44884
25	164.80197
25	174.6363
25	200.73885
25	139.87013
25	152.76701
25	134.36733
25	160.85881
25	133.42179
25	153.09128
25	144.57227
25	173.95834
25	186.89157
25	161.90886
25	188.38991
25	127.00526
25	158.83036
25	157.23108
25	128.35158
25	170.44081
25	192.59196
25	178.38632
25	181.38352
25	172.98994
25	155.431
25	126.29199
25	164.89432
25	136.78847
25	150.6835
25	154.81815
25	161.10351
25	142.6964
25	144.47659
25	162.4415
25	177.42257
25	197.98765
25	135.39366
25	198.00945
25	161.83328
25	183.57429
25	181.20953
25	162.45117
25	151.23382
25	141.88143
25	148.7368
25	199.03301
26	173.32225
26	154.59762
26	158.10132
26	174.58105
26	171.44884
26	180.71721
26	174.6363
26	200.73885
26	193.5956
26	152.76701
26	207.49286
26	160.85881
26	181.56845
26	153.09128
26	209.50401
26	173.95834
26	186.89157
26	161.90886
26	188.38991
26	157.54414
26	158.83036
26	157.23108
26	215.69867
26	170.44081
26	192.59196
26	178.38632
26	181.38352
26	172.98994
26	155.431
26	199.0222
26	164.89432
26	136.78847
26	150.6835
26	154.81815
26	161.10351
26	150.49311
26	144.47659
26	162.4415
26	177.42257
26	197.98765
26	210.28326
26	198.00945
26	161.83328
26	209.21365
26	181.20953
26	170.62945
26	188.79478
26	177.44548
26	148.7368
26	209.40961
27	173.32225
27	154.59762
27	158.10132
27	174.58105
27	171.44884
27	180.71721
27	292.76777
27	200.73885
27	193.5956
27	261.11492
27	207.49286
27	160.85881
27	181.56845
27	158.19312
27	209.50401
27	173.95834
27	186.89157
27	236.41663
27	224.83101
27	172.52636
27	277.79463
27	157.23108
27	215.69867
27	170.44081
27	192.59196
27	178.38632
27	181.38352
27	172.98994
27	155.431
27	199.0222
27	243.85547
27	143.25372
27	150.6835
27	154.81815
27	228.69031
27	188.4296
27	144.47659
27	197.80896
27	177.42257
27	197.98765
27	234.3597
27	198.00945
27	228.82232
27	209.21365
27	181.20953
27	170.62945
27	210.08126
27	177.44548
27	156.68301
27	209.40961
28	307.57949
28	265.11769
28	232.25607
28	174.58105
28	282.78738
28	180.71721
28	292.76777
28	318.08837
28	193.5956
28	261.11492
28	207.49286
28	301.90274
28	181.56845
28	221.55186
28	209.50401
28	193.84465
28	222.72314
28	236.41663
28	224.83101
28	172.52636
28	295.70624
28	209.31469
28	215.69867
28	271.55076
28	291.79092
28	178.38632
28	181.38352
28	222.04115
28	239.21968
28	199.0222
28	283.90739
28	225.86701
28	239.97599
28	251.89492
28	239.10207
28	230.26654
28	221.69596
28	243.07644
28	177.42257
28	197.98765
28	234.3597
28	198.00945
28	228.82232
28	209.21365
28	181.20953
28	272.00706
28	210.08126
28	177.44548
28	257.94188
28	209.40961
29	307.57949
29	265.11769
29	232.25607
29	309.46892
29	297.28248
29	252.66728
29	292.76777
29	335.16244
29	193.5956
29	261.11492
29	207.49286
29	301.90274
29	181.56845
29	221.55186
29	209.50401
29	291.5748
29	222.72314
29	236.41663
29	224.83101
29	172.52636
29	295.70624
29	251.63548
29	215.69867
29	271.55076
29	291.79092
29	304.01641
29	278.60663
29	222.04115
29	249.69282
29	199.0222
29	283.90739
29	225.86701
29	251.23835
29	251.89492
29	239.10207
29	230.26654
29	243.92518
29	243.07644
29	273.09235
29	254.6032
29	234.3597
29	266.16956
29	228.82232
29	209.21365
29	296.47295
29	272.00706
29	210.08126
29	177.44548
29	257.94188
29	301.55096
30	307.57949
30	265.11769
30	232.25607
30	309.46892
30	297.28248
30	358.78814
30	292.76777
30	352.56836
30	274.41077
30	261.11492
30	318.47924
30	301.90274
30	289.29948
30	221.55186
30	313.94047
30	291.5748
30	222.72314
30	236.41663
30	224.83101
30	232.97625
30	295.70624
30	251.63548
30	341.77335
30	271.55076
30	291.79092
30	304.01641
30	278.60663
30	222.04115
30	249.69282
30	360.47505
30	283.90739
30	225.86701
30	251.23835
30	251.89492
30	239.10207
30	230.26654
30	243.92518
30	243.07644
30	273.09235
30	326.21598
30	298.66084
30	266.16956
30	228.82232
30	237.97772
30	296.47295
30	272.00706
30	240.24188
30	275.08972
30	257.94188
30	327.43191
31	307.57949
31	265.11769
31	232.25607
31	309.46892
31	297.28248
31	358.78814
31	355.79844
31	352.56836
31	284.84941
31	479.1393
31	318.47924
31	301.90274
31	289.29948
31	221.55186
31	313.94047
31	291.5748
31	222.72314
31	318.59795
31	282.70964
31	268.9549
31	368.27634
31	251.63548
31	341.77335
31	271.55076
31	291.79092
31	304.01641
31	278.60663
31	222.04115
31	249.69282
31	360.47505
31	367.66447
31	240.24064
31	251.23835
31	251.89492
31	296.25788
31	302.44313
31	243.92518
31	264.2457
31	273.09235
31	326.21598
31	388.5521
31	266.16956
31	312.91901
31	327.73656
31	296.47295
31	272.00706
31	329.506
31	275.08972
31	268.34487
31	327.43191
32	507.49528
32	409.22613
32	352.99901
32	309.46892
32	408.65364
32	358.78814
32	355.79844
32	414.81556
32	284.84941
32	479.1393
32	318.47924
32	450.43797
32	289.29948
32	346.71288
32	313.94047
32	291.5748
32	292.20343
32	318.59795
32	282.70964
32	268.9549
32	506.38107
32	293.20412
32	341.77335
32	423.65692
32	418.36405
32	304.01641
32	278.60663
32	379.66462
32	338.65992
32	360.47505
32	466.23177
32	419.35925
32	380.13308
32	394.7186
32	341.20958
32	389.55641
32	396.01682
32	374.20969
32	273.09235
32	326.21598
32	434.13611
32	266.16956
32	348.01724
32	327.73656
32	296.47295
32	531.70608
32	329.506
32	275.08972
32	427.78463
32	327.43191
33	507.49528
33	454.99619
33	368.50108
33	477.78153
33	427.91892
33	392.50426
33	355.79844
33	431.68491
33	284.84941
33	479.1393
33	318.47924
33	497.11371
33	289.29948
33	386.55762
33	313.94047
33	431.82916
33	292.20343
33	318.59795
33	282.70964
33	268.9549
33	506.38107
33	397.29348
33	341.77335
33	423.65692
33	418.36405
33	524.23499
33	435.19659
33	379.66462
33	463.91738
33	360.47505
33	466.23177
33	419.35925
33	454.36018
33	394.7186
33	341.20958
33	389.55641
33	486.74107
33	374.20969
33	442.07787
33	341.48172
33	434.13611
33	395.81679
33	388.69231
33	327.73656
33	424.89036
33	531.70608
33	329.506
33	275.08972
33	427.78463
33	430.02955
34	507.49528
34	454.99619
34	368.50108
34	533.18805
34	427.91892
34	570.51646
34	355.79844
34	469.97569
34	385.25529
34	479.1393
34	540.66788
34	497.11371
34	415.8042
34	386.55762
34	494.3284
34	472.73546
34	292.20343
34	318.59795
34	282.70964
34	374.5143
34	506.38107
34	418.43206
34	537.00571
34	423.65692
34	418.36405
34	524.23499
34	435.19659
34	379.66462
34	463.91738
34	609.524
34	466.23177
34	419.35925
34	454.36018
34	394.7186
34	341.20958
34	389.55641
34	486.74107
34	374.20969
34	464.78526
34	484.56921
34	454.04826
34	395.81679
34	388.69231
34	344.20956
34	445.68112
34	531.70608
34	329.506
34	443.90258
34	427.78463
34	523.70443
35	507.49528
35	454.99619
35	368.50108
35	533.18805
35	427.91892
35	570.51646
35	518.97199
35	542.00924
35	435.56973
35	668.14805
35	540.66788
35	497.11371
35	495.4727
35	386.55762
35	494.3284
35	472.73546
35	292.20343
35	513.39105
35	403.84586
35	466.71507
35	506.38107
35	418.43206
35	537.00571
35	423.65692
35	418.36405
35	524.23499
35	435.19659
35	379.66462
35	463.91738
35	609.524
35	489.19165
35	419.35925
35	454.36018
35	394.7186
35	396.98669
35	480.56322
35	486.74107
35	374.20969
35	464.78526
35	509.12327
35	547.67615
35	395.81679
35	420.81051
35	558.11171
35	445.68112
35	531.70608
35	465.11422
35	443.90258
35	427.78463
35	523.70443
36	842.9808
36	651.81294
36	533.79631
36	533.18805
36	562.79361
36	570.51646
36	570.26156
36	542.00924
36	435.56973
36	730.86057
36	540.66788
36	652.47725
36	495.4727
36	550.46397
36	494.3284
36	472.73546
36	493.84809
36	513.39105
36	403.84586
36	466.71507
36	641.93453
36	436.26337
36	537.00571
36	618.4554
36	592.90514
36	524.23499
36	435.19659
36	662.04057
36	573.01692
36	609.524
36	547.25374
36	698.11339
36	506.04406
36	645.70737
36	444.06229
36	756.71736
36	647.87947
36	688.39155
36	464.78526
36	509.12327
36	701.45356
36	395.81679
36	420.81051
36	558.11171
36	445.68112
36	773.02675
36	536.14864
36	443.90258
36	668.95886
36	523.70443
37	842.9808
37	845.21118
37	590.84868
37	620.49034
37	668.13447
37	597.19603
37	570.26156
37	690.6269
37	435.56973
37	730.86057
37	540.66788
37	784.78374
37	495.4727
37	649.81497
37	494.3284
37	637.76991
37	493.84809
37	513.39105
37	403.84586
37	466.71507
37	803.77007
37	523.08162
37	537.00571
37	646.87623
37	677.54947
37	772.01695
37	785.50922
37	702.16304
37	736.11779
37	609.524
37	627.40088
37	698.11339
37	625.30377
37	645.70737
37	507.05811
37	756.71736
37	881.26634
37	688.39155
37	668.93008
37	524.75811
37	701.45356
37	577.81478
37	558.42954
37	558.11171
37	623.3079
37	773.02675
37	536.14864
37	443.90258
37	744.10129
37	572.68075
38	842.9808
38	845.21118
38	590.84868
38	762.40356
38	668.13447
38	786.51153
38	570.26156
38	690.6269
38	435.56973
38	730.86057
38	837.36492
38	784.78374
38	604.77507
38	649.81497
38	709.88679
38	853.32612
38	493.84809
38	513.39105
38	403.84586
38	489.2479
38	803.77007
38	572.19036
38	894.72488
38	646.87623
38	677.54947
38	805.6337
38	785.50922
38	702.16304
38	775.61521
38	1003.4486
38	676.93276
38	698.11339
38	770.4955
38	645.70737
38	507.05811
38	756.71736
38	881.26634
38	688.39155
38	777.1292
38	681.19434
38	701.45356
38	577.81478
38	583.18926
38	582.58735
38	670.51012
38	773.02675
38	536.14864
38	635.7179
38	744.10129
38	825.89415
39	842.9808
39	845.21118
39	590.84868
39	762.40356
39	668.13447
39	901.97919
39	669.07807
39	788.86231
39	488.95657
39	837.02242
39	837.36492
39	784.78374
39	832.65408
39	649.81497
39	779.81283
39	853.32612
39	493.84809
39	807.33284
39	511.49866
39	737.92243
39	803.77007
39	658.24533
39	894.72488
39	646.87623
39	677.54947
39	805.6337
39	785.50922
39	702.16304
39	775.61521
39	1060.1799
39	676.93276
39	698.11339
39	770.4955
39	645.70737
39	507.05811
39	756.71736
39	881.26634
39	688.39155
39	777.1292
39	732.17792
39	744.42201
39	577.81478
39	644.1892
39	837.42999
39	670.51012
39	773.02675
39	587.46873
39	635.7179
39	744.10129
39	825.89415
40	1199.0086
40	960.31561
40	688.86761
40	762.40356
40	805.09307
40	901.97919
40	850.8801
40	873.35861
40	771.42795
40	858.96649
40	837.36492
40	828.45217
40	832.65408
40	802.74698
40	779.81283
40	853.32612
40	765.45585
40	807.33284
40	593.38976
40	737.92243
40	811.48668
40	658.24533
40	894.72488
40	845.39219
40	777.83371
40	805.6337
40	785.50922
40	936.11036
40	855.11827
40	1060.1799
40	676.93276
40	1096.909
40	770.4955
40	875.41872
40	647.72212
40	996.02264
40	881.26634
40	1081.2452
40	777.1292
40	732.17792
40	916.74416
40	577.81478
40	677.5673
40	837.42999
40	670.51012
40	873.71502
40	752.06772
40	635.7179
40	861.27029
40	825.89415
41	1199.0086
41	1252.2848
41	949.63004
41	775.52496
41	1031.8132
41	901.97919
41	850.8801
41	955.90655
41	771.42795
41	865.49015
41	837.36492
41	1121.7426
41	832.65408
41	988.16539
41	779.81283
41	989.94391
41	804.03484
41	807.33284
41	593.38976
41	737.92243
41	846.81256
41	780.3298
41	894.72488
41	906.19783
41	925.97929
41	1155.354
41	1164.4141
41	1225.1894
41	1072.1659
41	1060.1799
41	814.01287
41	1096.909
41	770.4955
41	901.59353
41	724.55323
41	1197.4379
41	1343.421
41	1081.2452
41	1002.2173
41	732.17792
41	916.74416
41	696.44808
41	808.25387
41	837.42999
41	842.57155
41	1033.7892
41	825.23551
41	635.7179
41	1096.8394
41	825.89415
42	1199.0086
42	1252.2848
42	997.93018
42	845.87591
42	1031.8132
42	979.86322
42	850.8801
42	993.50524
42	771.42795
42	865.49015
42	1218.9392
42	1174.9266
42	986.87784
42	1083.6874
42	896.03003
42	1211.6633
42	804.03484
42	807.33284
42	593.38976
42	737.92243
42	881.17275
42	780.3298
42	1238.6128
42	948.30136
42	1059.8499
42	1269.853
42	1164.4141
42	1225.1894
42	1204.8284
42	1369.3234
42	929.10411
42	1096.909
42	793.30915
42	935.39151
42	746.00667
42	1197.4379
42	1428.4257
42	1081.2452
42	1196.6347
42	811.56742
42	916.74416
42	905.48689
42	966.96917
42	837.42999
42	948.71327
42	1033.7892
42	825.23551
42	990.13686
42	1152.9096
42	1117.5035
43	1199.0086
43	1252.2848
43	997.93018
43	879.68386
43	1031.8132
43	1080.6141
43	850.8801
43	1033.2011
43	771.42795
43	1045.5597
43	1218.9392
43	1227.2193
43	1293.2902
43	1083.6874
43	1013.6692
43	1415.8923
43	804.03484
43	1053.8897
43	714.32723
43	1012.3069
43	1019.7957
43	958.78935
43	1351.8713
43	948.30136
43	1059.8499
43	1269.853
43	1164.4141
43	1225.1894
43	1204.8284
43	1548.4127
43	929.10411
43	1096.909
43	817.73285
43	935.39151
43	746.00667
43	1197.4379
43	1428.4257
43	1081.2452
43	1196.6347
43	942.31284
43	916.74416
43	905.48689
43	1084.0587
43	1161.5226
43	948.71327
43	1033.7892
43	825.23551
43	990.13686
43	1152.9096
43	1155.0259
44	1551.7139
44	1322.8322
44	1165.8315
44	902.49657
44	1124.954
44	1243.1262
44	850.8801
44	1159.1257
44	1211.9194
44	1174.8895
44	1218.9392
44	1227.2193
44	1348.1076
44	1083.6874
44	1013.6692
44	1415.8923
44	965.52745
44	1088.0941
44	869.48104
44	1114.9513
44	1162.9925
44	958.78935
44	1351.8713
44	1019.3108
44	1086.1739
44	1269.853
44	1164.4141
44	1341.042
44	1231.2144
44	1548.4127
44	929.10411
44	1476.8899
44	817.73285
44	1034.5819
44	865.87286
44	1389.3301
44	1428.4257
44	1466.2821
44	1196.6347
44	1005.5643
44	1254.1035
44	905.48689
44	1084.0587
44	1201.3635
44	948.71327
44	1054.4839
44	979.94129
44	990.13686
44	1340.9266
44	1155.0259
45	1551.7139
45	1674.231
45	1500.947
45	902.49657
45	1410.6738
45	1284.2547
45	850.8801
45	1253.3953
45	1211.9194
45	1352.4644
45	1218.9392
45	1325.2043
45	1348.1076
45	1083.6874
45	1013.6692
45	1571.6794
45	1037.7768
45	1088.0941
45	869.48104
45	1170.9927
45	1348.422
45	997.17929
45	1351.8713
45	1094.1033
45	1297.1834
45	1662.989
45	1767.2157
45	1616.4048
45	1333.9302
45	1548.4127
45	989.8158
45	1476.8899
45	936.26432
45	1215.4862
45	962.3286
45	1586.4669
45	2005.2874
45	1576.6908
45	1287.9397
45	1005.5643
45	1254.1035
45	964.13384
45	1158.6347
45	1201.3635
45	1291.7097
45	1150.723
45	1120.2539
45	990.13686
45	1629.475
45	1155.0259
46	1551.7139
46	1674.231
46	1646.775
46	932.93859
46	1410.6738
46	1416.0369
46	1010.6431
46	1283.924
46	1211.9194
46	1352.4644
46	1474.7733
46	1398.0275
46	1401.141
46	1265.8645
46	1106.6361
46	1801.5262
46	1037.7768
46	1088.0941
46	869.48104
46	1170.9927
46	1348.422
46	1034.8954
46	1530.1968
46	1179.9021
46	1472.7265
46	1831.7713
46	1767.2157
46	1682.907
46	1688.5548
46	1775.4286
46	1257.0438
46	1476.8899
46	1034.6926
46	1251.6076
46	994.07561
46	1699.6093
46	2307.4876
46	1576.6908
46	1384.3956
46	1056.054
46	1254.1035
46	1316.092
46	1282.811
46	1201.3635
46	1563.5785
46	1173.1808
46	1120.2539
46	1420.9573
46	1859.5156
46	1291.2908
47	1551.7139
47	1674.231
47	1646.775
47	991.14833
47	1410.6738
47	1416.0369
47	1282.71
47	1315.2816
47	1211.9194
47	1453.2381
47	1594.3939
47	1482.4001
47	1723.775
47	1305.218
47	1353.3707
47	1988.8448
47	1037.7768
47	1222.5356
47	983.32468
47	1239.3657
47	1416.3009
47	1469.3323
47	1682.2026
47	1366.6873
47	1472.7265
47	1831.7713
47	1767.2157
47	1682.907
47	1688.5548
47	2106.3381
47	1257.0438
47	1476.8899
47	1167.1219
47	1292.5388
47	994.07561
47	1699.6093
47	2307.4876
47	1576.6908
47	1483.8885
47	1303.2829
47	1254.1035
47	1316.092
47	1482.874
47	1373.2593
47	1563.5785
47	1296.9378
47	1120.2539
47	1470.7664
47	1859.5156
47	1318.6714
48	2155.8608
48	1674.231
48	1721.5301
48	1065.4063
48	1410.6738
48	1549.9178
48	1282.71
48	1420.1086
48	1543.6421
48	1641.0928
48	1594.3939
48	1610.8522
48	1965.3189
48	1400.6148
48	1353.3707
48	2218.6152
48	1224.2673
48	1287.1035
48	1271.1459
48	1444.5433
48	1528.1766
48	1469.3323
48	1789.7263
48	1366.6873
48	1472.7265
48	1831.7713
48	1767.2157
48	1729.6774
48	1688.5548
48	2106.3381
48	1257.0438
48	1713.9973
48	1255.5841
48	1361.3326
48	1127.7942
48	1786.4175
48	2307.4876
48	1576.6908
48	1752.1942
48	1541.9959
48	1777.4542
48	1316.092
48	1544.8356
48	1435.1733
48	1563.5785
48	1296.9378
48	1232.5048
48	1470.7664
48	1964.5899
48	1477.4257
49	2155.8608
49	1923.4104
49	1924.8303
49	1088.4791
49	1624.9043
49	1594.5561
49	1282.71
49	1555.8963
49	1586.7694
49	1919.3117
49	1594.3939
49	1610.8522
49	2066.2295
49	1400.6148
49	1353.3707
49	2218.6152
49	1444.4338
49	1287.1035
49	1271.1459
49	1687.0916
49	1723.1695
49	1469.3323
49	1789.7263
49	1463.8412
49	1635.8469
49	1912.0243
49	2122.5504
49	2106.728
49	1735.9524
49	2140.0212
49	1302.1674
49	1833.8957
49	1255.5841
49	1392.0185
49	1312.9896
49	1882.0816
49	2824.5431
49	1857.3428
49	1752.1942
49	1541.9959
49	1847.3545
49	1316.092
49	1587.5079
49	1466.0562
49	1744.6904
49	1373.5769
49	1371.7456
49	1470.7664
49	2121.8238
49	1477.4257
50	2155.8608
50	1990.6249
50	2074.7831
50	1136.201
50	1805.2964
50	1871.2057
50	1282.71
50	1599.8594
50	1586.7694
50	2013.882
50	1649.1402
50	1610.8522
50	2125.6924
50	1400.6148
50	1501.157
50	2218.6152
50	1444.4338
50	1287.1035
50	1271.1459
50	1878.371
50	1814.909
50	1532.6846
50	1877.3584
50	1463.8412
50	1824.6262
50	2136.4384
50	2333.5314
50	2223.0932
50	1989.3945
50	2377.2692
50	1616.6875
50	1875.7547
50	1436.2433
50	1516.7664
50	1358.5674
50	2147.585
50	3086.9933
50	2092.7636
50	1752.1942
50	1541.9959
50	1847.3545
50	1503.664
50	1662.1858
50	1466.0562
50	1951.8606
50	1461.0555
50	1567.5623
50	1590.3775
50	2173.0396
50	1477.4257
51	2155.8608
51	1990.6249
51	2118.4599
51	1264.1061
51	1853.5496
51	1871.2057
51	1446.2751
51	1599.8594
51	1586.7694
51	2055.5394
51	1667.6284
51	1610.8522
51	2241.1929
51	1477.3551
51	1812.1448
51	2308.9822
51	1444.4338
51	1310.4342
51	1395.5558
51	1971.6199
51	1803.4691
51	2114.9871
51	2042.0922
51	1665.8251
51	1886.3975
51	2231.8611
51	2333.5314
51	2223.0932
51	2126.6845
51	2707.3299
51	1766.7397
51	1875.7547
51	1630.2598
51	1638.9209
51	1358.5674
51	2206.8417
51	3506.1727
51	2210.0284
51	1801.5416
51	1801.2398
51	1847.3545
51	1727.6182
51	1858.0349
51	1603.9936
51	1951.8606
51	1717.6452
51	1567.5623
51	1693.2497
51	2257.2685
51	1586.3639
52	2578.6023
52	1990.6249
52	2118.4599
52	1411.3086
52	1853.5496
52	1908.8598
52	1760.4587
52	1626.5121
52	1767.3449
52	2117.73
52	1667.6284
52	1698.7379
52	2739.0965
52	1645.1034
52	1812.1448
52	2470.0404
52	1529.3766
52	1392.5252
52	1865.1544
52	2137.9682
52	1831.7295
52	2194.9335
52	2227.5621
52	1665.8251
52	1886.3975
52	2231.8611
52	2333.5314
52	2259.6633
52	2126.6845
52	2707.3299
52	1766.7397
52	1893.5728
52	1912.5708
52	1638.9209
52	1426.7556
52	2206.8417
52	3506.1727
52	2210.0284
52	1960.6882
52	1874.3725
52	2063.8615
52	1796.137
52	2019.5807
52	1633.0649
52	2022.0717
52	1717.6452
52	1621.8929
52	1693.2497
52	2257.2685
52	1617.087
53	2676.3433
53	2005.0475
53	2176.1962
53	1489.3582
53	1853.5496
53	2020.5641
53	1824.7243
53	1650.9882
53	2092.3291
53	2280.7571
53	1682.4915
53	2003.2113
53	2739.0965
53	1717.079
53	1812.1448
53	2494.4119
53	1822.4749
53	1392.5252
53	1865.1544
53	2137.9682
53	1944.3328
53	2194.9335
53	2290.775
53	1665.8251
53	1929.2786
53	2271.0268
53	2522.4807
53	2423.0912
53	2126.6845
53	2781.8605
53	1766.7397
53	1933.9149
53	1912.5708
53	1638.9209
53	1961.1822
53	2206.8417
53	3625.3794
53	2210.0284
53	2028.1287
53	2199.3617
53	2380.8588
53	1796.137
53	2019.5807
53	1643.3603
53	2184.0315
53	1717.6452
53	1837.5994
53	1693.2497
53	2500.217
53	1759.5979
54	2676.3433
54	2034.2754
54	2329.642
54	1489.3582
54	1932.8813
54	2373.907
54	1886.6746
54	1763.7934
54	2092.3291
54	2325.4121
54	1782.658
54	2003.2113
54	2802.7708
54	1717.079
54	1935.4853
54	2494.4119
54	1939.1985
54	1392.5252
54	1865.1544
54	2493.2936
54	1978.2197
54	2194.9335
54	2290.775
54	1689.5067
54	2062.0626
54	2271.0268
54	2625.0969
54	2537.57
54	2161.7166
54	2850.3017
54	1881.6471
54	2105.6726
54	1978.4605
54	1722.0289
54	2049.8359
54	2239.9543
54	3711.6055
54	2191.0202
54	2186.6293
54	2199.3617
54	2380.8588
54	1796.137
54	2055.3488
54	1643.3603
54	2317.7523
54	1772.8234
54	2317.707
54	1693.2497
54	2523.4989
54	1882.7555
55	2676.3433
55	2057.4559
55	2476.55
55	1489.3582
55	2100.4526
55	2373.907
55	1886.6746
55	1824.9364
55	2092.3291
55	2389.1336
55	1807.2806
55	2003.2113
55	2974.7614
55	1717.079
55	2263.1979
55	2494.4119
55	1939.1985
55	1443.4038
55	1942.5026
55	2932.1936
55	2028.6365
55	2432.6665
55	2328.9342
55	1930.5291
55	2085.461
55	2275.3056
55	2719.4028
55	2537.57
55	2288.1422
55	3093.6808
55	2108.2089
55	2105.6726
55	2073.783
55	2038.2337
55	2049.8359
55	2249.3333
55	3840.4766
55	2220.4656
55	2260.1599
55	2199.3617
55	2380.8588
55	2108.7968
55	2171.4242
55	1666.9703
55	2371.0154
55	1846.2856
55	2317.707
55	1693.2497
55	2600.6188
55	1882.7555
56	2873.6361
56	2092.1256
56	2553.9879
56	1878.7207
56	2208.1527
56	2373.907
56	1886.6746
56	1885.3273
56	2092.3291
56	2392.0576
56	1807.2806
56	2222.9431
56	3309.1697
56	1877.8071
56	2263.1979
56	2560.7029
56	1939.1985
56	1672.8671
56	2162.1333
56	2932.1936
56	2061.4555
56	2904.4819
56	2366.0314
56	2025.034
56	2085.461
56	2275.3056
56	2774.3056
56	2537.57
56	2338.7238
56	3213.2702
56	2183.9084
56	2354.8796
56	2327.4927
56	2038.2337
56	2136.7686
56	2323.3124
56	4073.3629
56	2220.4656
56	2483.3173
56	2255.4861
56	2380.8588
56	2258.2874
56	2357.4449
56	1764.3713
56	2416.5854
56	1957.3789
56	2317.707
56	1803.4003
56	2600.6188
56	2066.3055
57	2966.3437
57	2092.1256
57	2671.8741
57	1986.9034
57	2252.3304
57	2370.1677
57	1886.6746
57	1886.4299
57	2449.2123
57	2367.5105
57	1807.2806
57	2489.4896
57	3396.1389
57	2104.0776
57	2263.1979
57	2643.1224
57	2118.9118
57	1746.8703
57	2254.0583
57	2932.1936
57	2062.9045
57	3104.1493
57	2452.596
57	2025.034
57	2085.461
57	2275.3056
57	2883.2272
57	2622.7531
57	2338.7238
57	3294.6814
57	2183.9084
57	2354.8796
57	2356.804
57	2038.2337
57	2458.084
57	2348.4333
57	4131.6489
57	2236.8201
57	2575.0714
57	2860.2397
57	2462.5472
57	2258.2874
57	2393.8057
57	1831.9255
57	2601.2036
57	1957.3789
57	2366.0633
57	1802.8296
57	2768.9945
57	2066.3055
58	2966.3437
58	2103.1329
58	2671.8741
58	2054.8199
58	2252.3304
58	2439.8604
58	2035.3309
58	1886.4299
58	2715.2756
58	2403.8202
58	1999.5006
58	2489.4896
58	3607.9069
58	2104.0776
58	2263.1979
58	2652.5764
58	2216.7334
58	1746.8703
58	2254.0583
58	3021.989
58	2131.8409
58	3104.1493
58	2544.0615
58	2025.034
58	2189.596
58	2420.8502
58	2970.8207
58	2681.8564
58	2338.7238
58	3294.6814
58	2272.1341
58	2354.8796
58	2356.804
58	2038.2337
58	2833.3247
58	2348.4333
58	4131.6489
58	2277.5951
58	2628.1389
58	2933.9195
58	2694.6584
58	2258.2874
58	2393.8057
58	1831.9255
58	2705.8241
58	2021.5985
58	2447.6041
58	1867.8328
58	2840.3782
58	2215.0103
59	2966.3437
59	2145.4245
59	2722.2596
59	2054.8199
59	2264.2625
59	2439.8604
59	2365.7503
59	1912.057
59	2926.9641
59	2413.9411
59	2028.3985
59	2536.2847
59	3700.0162
59	2104.0776
59	2502.8324
59	2652.5764
59	2216.7334
59	1779.5932
59	2254.0583
59	3486.766
59	2131.8409
59	3104.1493
59	2650.0207
59	2281.4735
59	2279.7841
59	2453.3476
59	3013.6223
59	2765.1221
59	2551.5963
59	3514.2239
59	2272.1341
59	2378.2191
59	2426.2767
59	2800.2655
59	2950.5302
59	2348.4333
59	4131.6489
59	2383.7659
59	2739.8049
59	2933.9195
59	2793.4582
59	2307.2062
59	2393.8057
59	1831.9255
59	2747.7279
59	2021.5985
59	2500.1391
59	1867.8328
59	2846.2776
59	2215.0103
60	2979.4734
60	2195.643
60	2722.2596
60	2211.577
60	2264.2625
60	2439.8604
60	2365.7503
60	2001.5529
60	3042.35
60	2428.5153
60	2055.0804
60	2658.039
60	3700.0162
60	2174.4541
60	2705.1547
60	2652.5764
60	2216.7334
60	2024.7302
60	2254.0583
60	3780.299
60	2125.4426
60	3602.1462
60	2661.8255
60	2519.226
60	2279.7841
60	2619.9535
60	3016.8738
60	2817.131
60	2715.195
60	3920.2199
60	2514.5637
60	2549.5573
60	2691.3484
60	2800.2655
60	2950.5302
60	2380.1774
60	4138.6001
60	2423.698
60	2886.6179
60	2933.9195
60	3226.3567
60	2650.3444
60	2536.2726
60	1832.605
60	2747.7279
60	2021.5985
60	2566.4354
60	1886.8395
60	2846.2776
60	2292.9337
61	3100.678
61	2202.5473
61	2799.5468
61	2715.1049
61	2266.6813
61	2492.2078
61	2365.7503
61	2022.5814
61	3042.35
61	2387.4944
61	2055.0804
61	2756.7494
61	3847.0578
61	2641.8087
61	2705.1547
61	2691.802
61	2288.7106
61	2083.9457
61	2571.1716
61	3899.0548
61	2151.4714
61	3814.9965
61	2707.1121
61	2648.2036
61	2279.7841
61	2655.7982
61	3002.2132
61	2908.6811
61	2803.2371
61	3920.2199
61	2957.5476
61	2605.6591
61	2840.2612
61	2880.7767
61	3047.7031
61	2424.6777
61	4138.6001
61	2451.7424
61	2972.4272
61	3053.9454
61	3260.1521
61	2766.182
61	2560.4804
61	1832.605
61	2753.7893
61	2021.5985
61	2566.4354
61	1917.4857
61	2893.8242
61	2444.4056
62	3172.7152
62	2202.5473
62	2799.5468
62	3062.5585
62	2332.8828
62	2581.207
62	2428.9628
62	2036.3282
62	3182.4339
62	2358.8074
62	2082.5765
62	2798.1567
62	3919.1704
62	2801.2237
62	2705.1547
62	2746.8611
62	2631.8975
62	2083.9457
62	2593.3217
62	3899.0548
62	2176.0901
62	4178.6778
62	2721.1578
62	2717.2771
62	2274.1924
62	2675.4223
62	2997.2861
62	2908.6811
62	2803.2371
62	3920.2199
62	3092.859
62	2656.8428
62	3003.7237
62	2880.7767
62	3187.5482
62	2424.6777
62	4255.8615
62	2465.9095
62	3084.3161
62	3161.6609
62	3260.1521
62	2766.182
62	2560.4804
62	1832.605
62	2743.9856
62	2043.2264
62	2566.4354
62	1996.5938
62	3113.5433
62	2444.4056
63	3203.1524
63	2224.0208
63	2867.8005
63	3062.5585
63	2506.8857
63	2850.9296
63	2543.3943
63	2062.6548
63	3312.1311
63	2347.002
63	2152.5686
63	2977.8004
63	3919.1704
63	2801.2237
63	2761.4613
63	2870.1146
63	2698.6605
63	2116.2353
63	2593.3217
63	3899.0548
63	2214.4144
63	4178.6778
63	2797.7018
63	2717.2771
63	2466.195
63	2675.4223
63	2910.4025
63	2908.6811
63	2857.5476
63	4145.0306
63	3092.859
63	2704.3048
63	3003.7237
63	3284.1413
63	3347.7347
63	2424.6777
63	4239.2016
63	2487.4355
63	3084.3161
63	3197.3988
63	3260.1521
63	2766.182
63	2560.4804
63	1853.904
63	2743.9856
63	2037.3424
63	2619.903
63	1996.5938
63	3429.5122
63	2501.4781
64	3203.1524
64	2405.5205
64	2867.8005
64	3062.5585
64	2506.8857
64	3041.6952
64	3045.7387
64	2092.1566
64	3376.0973
64	2333.7382
64	2312.0431
64	3027.3933
64	3932.4397
64	2801.2237
64	2897.9567
64	2870.1146
64	2698.6605
64	2435.9508
64	2646.2061
64	3966.799
64	2309.1128
64	4178.6778
64	2797.7018
64	2740.3934
64	2466.195
64	2763.0176
64	2866.7847
64	2934.0153
64	2857.5476
64	4488.3725
64	3092.859
64	2875.1501
64	3003.7237
64	3399.5641
64	3367.8065
64	2526.1277
64	4239.2016
64	2487.4355
64	3110.9622
64	3197.3988
64	3260.1521
64	2810.8719
64	2600.5171
64	1985.2913
64	2743.9856
64	2056.9462
64	2715.1441
64	1996.5938
64	3516.2552
64	2770.7131
65	3203.1524
65	2435.3002
65	3018.6317
65	3056.5791
65	2586.6832
65	3084.92
65	3045.7387
65	2155.8736
65	3376.0973
65	2382.2989
65	2312.0431
65	3213.3191
65	3992.5594
65	2976.2178
65	2923.9747
65	2872.0326
65	2698.6605
65	2506.2964
65	2712.7855
65	4046.5001
65	2325.9405
65	4201.5071
65	2849.9048
65	2749.5269
65	2466.195
65	2887.6909
65	2866.7847
65	2955.7158
65	2980.2343
65	4533.1995
65	3473.5791
65	2943.6818
65	3269.7922
65	3521.7919
65	3454.5017
65	2593.6175
65	4281.9731
65	2602.7835
65	3271.1969
65	3329.256
65	3271.6804
65	2843.3377
65	2645.1768
65	1986.2495
65	2743.9856
65	2085.0102
65	3035.3947
65	2004.7546
65	3831.4363
65	2788.4914
66	3211.8401
66	2435.3002
66	3018.6317
66	3074.8362
66	2607.2988
66	3128.2035
66	3045.7387
66	2356.7731
66	3396.7053
66	2398.2364
66	2312.0431
66	3260.9164
66	3928.1283
66	3175.624
66	2975.5201
66	2886.5213
66	3195.9256
66	2590.4195
66	2726.9747
66	4167.7787
66	2325.9405
66	4201.5071
66	2879.92
66	2794.9757
66	2566.6628
66	2983.1926
66	2854.3243
66	2955.7158
66	3082.6207
66	4533.1995
66	3556.4921
66	2943.6818
66	3796.6165
66	3521.7919
66	3513.396
66	2798.9253
66	4314.9234
66	2708.6618
66	3544.2271
66	3451.8583
66	3541.5636
66	2857.9972
66	2782.0691
66	1986.2495
66	2747.7898
66	2085.0102
66	3104.7885
66	2082.0985
66	3967.292
66	2788.4914
67	3145.3262
67	2435.3002
67	3118.9848
67	3074.8362
67	2634.9583
67	3174.6608
67	3045.7387
67	2393.08
67	3453.9852
67	2398.2364
67	2312.0431
67	3260.9164
67	3860.8691
67	3418.5292
67	2975.5201
67	2928.2658
67	3288.7255
67	2590.4195
67	2709.5714
67	4352.1664
67	2379.855
67	4225.8739
67	2908.7597
67	2794.9757
67	2497.5534
67	2983.1926
67	2854.5077
67	3015.8047
67	3183.9477
67	4616.028
67	3847.0534
67	2943.6818
67	3954.9094
67	3524.6598
67	3608.9864
67	2831.4132
67	4367.9436
67	2819.2915
67	3631.5745
67	3476.6292
67	3592.8434
67	2857.9972
67	2860.966
67	1986.2495
67	2756.4228
67	2085.0102
67	3121.1821
67	2082.0985
67	3967.292
67	2803.5284
68	3094.6597
68	2556.6173
68	3254.3712
68	3074.8362
68	2728.0839
68	3291.5366
68	3183.4509
68	2452.7637
68	3668.9894
68	2424.927
68	2353.0138
68	3301.81
68	3860.8691
68	3486.5099
68	3120.9498
68	2946.4776
68	3485.5455
68	2682.8631
68	2683.2037
68	4451.8459
68	2544.315
68	4290.0087
68	2936.1825
68	2804.7327
68	2497.5534
68	3036.5463
68	2858.0984
68	3015.8047
68	3240.5299
68	4909.95
68	3847.0534
68	2943.6818
68	4282.6585
68	3558.053
68	3692.0493
68	2831.4132
68	4394.9097
68	2819.2915
68	3631.5745
68	3502.4034
68	3612.5276
68	2904.9225
68	2891.9158
68	2033.5259
68	2756.4228
68	2102.6388
68	3208.2484
68	2082.0985
68	3967.292
68	2838.989
69	3094.6597
69	2617.7753
69	3460.305
69	3149.4424
69	2785.3051
69	3368.6715
69	3300.1185
69	2452.7637
69	3668.9894
69	2458.7722
69	2523.4025
69	3323.6515
69	3860.8691
69	3589.3506
69	3243.7454
69	3045.0132
69	3611.868
69	2739.1786
69	2677.526
69	4504.0205
69	2692.743
69	4382.2334
69	2903.5031
69	2881.4571
69	2497.5534
69	3036.5463
69	2892.477
69	3015.8047
69	3240.5299
69	5035.2077
69	3847.0534
69	2943.6818
69	4461.6451
69	3595.4599
69	3709.5903
69	2831.4132
69	4423.7752
69	2819.2915
69	3618.0907
69	3513.1448
69	3612.5276
69	2925.1286
69	2891.9158
69	2091.3305
69	2794.9843
69	2124.8708
69	3308.5401
69	2109.6713
69	4164.8422
69	2838.989
70	3094.6597
70	2617.7753
70	3460.305
70	3240.9074
70	2822.2263
70	3431.2044
70	3300.1185
70	2482.7735
70	3668.9894
70	2469.3615
70	2829.4662
70	3392.522
70	3819.5573
70	3589.3506
70	3316.5805
70	3165.006
70	3665.8837
70	2778.9224
70	2677.526
70	4504.0205
70	2692.743
70	4452.2603
70	2903.5031
70	2880.8525
70	2546.9709
70	3284.6572
70	2904.5213
70	3023.8556
70	3240.5299
70	5035.2077
70	3894.0255
70	3067.2258
70	4461.6451
70	3782.2659
70	3720.8861
70	2862.6289
70	4434.5724
70	2878.9052
70	3764.862
70	3508.4292
70	3621.0211
70	2981.7322
70	2948.1376
70	2091.3305
70	2806.6101
70	2140.4644
70	3352.0469
70	2567.2774
70	4700.3121
70	2844.2631
71	3158.4047
71	2617.7753
71	3460.305
71	3495.6607
71	2822.2263
71	3431.2044
71	3300.1185
71	2566.8361
71	3668.9894
71	2580.2716
71	2829.4662
71	3464.1824
71	3784.5291
71	3882.6024
71	3342.2119
71	3229.4239
71	3665.8837
71	2800.7351
71	2690.6118
71	4504.0205
71	2769.5704
71	4473.0625
71	2903.5031
71	2880.8525
71	2615.6653
71	3373.8775
71	2911.0979
71	3082.3556
71	3370.1269
71	5041.2595
71	3969.1637
71	3192.0867
71	4421.243
71	3952.2441
71	3720.8861
71	3278.9863
71	4434.5724
71	2931.909
71	3866.3001
71	3563.6585
71	3616.8304
71	2994.6916
71	3049.5526
71	2091.3305
71	2806.7208
71	2140.4644
71	3352.0469
71	2567.2774
71	4700.3121
71	2851.9157
72	3413.4475
72	2667.5809
72	3460.305
72	3588.9647
72	3043.3059
72	3431.2044
72	3313.4238
72	2595.6248
72	4018.1152
72	2675.6235
72	2943.1375
72	3497.8347
72	3811.2797
72	4200.9102
72	3342.2119
72	3333.267
72	3714.5289
72	3027.2899
72	2742.736
72	4504.0205
72	2855.8341
72	4477.5057
72	2903.5031
72	2917.4334
72	2681.7124
72	3479.0159
72	2902.1944
72	3179.1773
72	3523.1438
72	5038.6429
72	4034.975
72	3228.7227
72	4421.243
72	3952.2441
72	3720.8861
72	3278.9863
72	4445.607
72	2931.909
72	3880.6243
72	3676.8855
72	3689.8133
72	2998.4572
72	3403.9457
72	2186.295
72	2806.7208
72	2166.7543
72	3367.8631
72	2567.2774
72	4700.3121
72	2862.7376
73	3476.5099
73	2739.5138
73	3470.1163
73	3588.9647
73	3043.3059
73	3431.2044
73	3313.4238
73	2595.6248
73	4018.1152
73	2709.7587
73	2962.4176
73	3547.9064
73	3818.031
73	4318.927
73	3351.9158
73	3333.267
73	3714.5289
73	3026.0579
73	2952.8623
73	4504.0205
73	3017.5985
73	4477.5057
73	2916.8622
73	2917.4334
73	2681.7124
73	3479.0159
73	2902.1944
73	3189.7739
73	3573.7631
73	5108.4684
73	4194.8215
73	3228.7227
73	4421.243
73	3952.2441
73	3720.8861
73	3278.9863
73	4525.0811
73	2931.909
73	3880.6243
73	3705.5766
73	3754.748
73	3009.302
73	3547.465
73	2424.4066
73	2806.7208
73	2166.7543
73	3515.724
73	2558.7703
73	4808.9851
73	2862.7376
74	3476.5099
74	2764.4763
74	3470.1163
74	3661.2159
74	3117.5952
74	3630.6899
74	3384.2823
74	2620.5238
74	4018.1152
74	2734.5725
74	3045.0082
74	3547.9064
74	3807.7166
74	4318.927
74	3351.9158
74	3274.1277
74	3887.6262
74	3026.0579
74	2952.8623
74	4684.7266
74	3197.5174
74	4498.4322
74	2978.9131
74	2947.7035
74	2681.7124
74	3479.0159
74	2902.1944
74	3189.7739
74	3573.7631
74	5164.5138
74	4313.9701
74	3228.7227
74	4421.243
74	4134.9114
74	3694.5001
74	3278.9863
74	4601.588
74	2945.4353
74	3880.6243
74	3705.4582
74	3754.748
74	3008.4232
74	3547.465
74	2436.9324
74	2806.7208
74	2269.7579
74	3553.4928
74	2631.7262
74	5389.3013
74	2862.7376
75	3476.5099
75	2868.4501
75	3470.1163
75	3766.478
75	3349.1869
75	4011.135
75	3563.2306
75	2660.6418
75	4018.1152
75	2881.704
75	3122.3895
75	3547.9064
75	3789.7879
75	4318.927
75	3351.9158
75	3258.3156
75	4013.4195
75	3026.0579
75	2952.8623
75	4991.9313
75	3197.5174
75	4536.1988
75	3106.9258
75	3018.3813
75	2681.036
75	3530.7762
75	2940.3351
75	3189.7739
75	3605.1466
75	5186.2693
75	4313.9701
75	3228.7227
75	4573.5275
75	4382.8427
75	3734.9314
75	3582.4061
75	4587.8639
75	3103.0735
75	3792.6417
75	3705.4582
75	3754.748
75	2994.19
75	3592.213
75	2436.9324
75	2784.5776
75	2402.2953
75	3563.4476
75	2631.7262
75	5708.2418
75	2862.7376
76	3495.8481
76	2897.3601
76	3516.9813
76	3916.5812
76	3404.0659
76	4220.2392
76	3791.9836
76	2681.9478
76	4054.9479
76	2955.8315
76	3209.5693
76	3569.1017
76	3777.5493
76	4310.1722
76	3351.9158
76	3272.9591
76	4145.6682
76	3082.83
76	2952.8623
76	5068.7706
76	3170.0004
76	4544.5228
76	3189.8842
76	3056.0454
76	2887.7142
76	3530.7762
76	2940.6882
76	3218.3613
76	3732.3309
76	5146.2007
76	4313.9701
76	3569.0739
76	4609.0982
76	4382.8427
76	3683.5514
76	3865.9862
76	4587.8639
76	3115.422
76	3816.0567
76	3705.4582
76	3754.748
76	2994.9067
76	3750.3165
76	2436.9324
76	2788.1034
76	2706.2982
76	3579.4267
76	2631.7262
76	5708.2418
76	2952.166
77	3468.5541
77	2897.3601
77	3538.4555
77	4079.5956
77	3404.0659
77	4354.9149
77	3791.9836
77	2673.793
77	4039.6015
77	3109.1789
77	3209.5693
77	3596.6521
77	3763.373
77	4279.9616
77	3348.2339
77	3277.4693
77	4182.5778
77	3432.4939
77	3188.6124
77	5168.45
77	3133.9939
77	4664.4346
77	3189.8842
77	3111.7052
77	2930.6343
77	3537.2542
77	2924.6977
77	3336.6086
77	3752.27
77	5146.2007
77	4362.9664
77	3765.0922
77	4728.5418
77	4382.8427
77	3624.3026
77	3920.2598
77	4633.309
77	3115.422
77	3776.8915
77	3704.7131
77	3740.7681
77	2994.9067
77	3846.547
77	2555.8207
77	2677.1706
77	2706.2982
77	3643.2043
77	2676.2972
77	5708.2418
77	2964.8029
78	3468.5541
78	2897.3601
78	3564.7536
78	4079.5956
78	3488.8146
78	4320.9379
78	3791.9836
78	2673.793
78	4039.6015
78	3173.251
78	3260.4701
78	3613.4642
78	3757.9682
78	4279.9616
78	3379.3493
78	3281.373
78	4182.5778
78	3674.7888
78	3299.9423
78	5246.5671
78	3086.4715
78	4780.0846
78	3189.8842
78	3111.7052
78	2930.6343
78	3537.2542
78	2935.3997
78	3411.3008
78	3850.3187
78	5104.1388
78	4362.9664
78	3765.0922
78	4788.5336
78	4382.8427
78	3624.3026
78	4026.6369
78	4635.7619
78	3115.422
78	3779.1941
78	3716.3291
78	3738.156
78	2981.3849
78	3900.7345
78	2661.8179
78	2677.1706
78	2706.2982
78	3668.0283
78	2970.0633
78	6054.1781
78	2964.8029
79	3468.5541
79	2915.8132
79	3564.7536
79	4079.5956
79	3489.7934
79	4334.8357
79	3894.951
79	2806.9702
79	4039.6015
79	3258.2109
79	3421.5892
79	3623.6244
79	3723.5285
79	4286.518
79	3411.2859
79	3281.373
79	4182.5778
79	3780.2663
79	3299.9423
79	5353.6454
79	3073.3898
79	4780.0846
79	3168.135
79	3111.7052
79	2930.6343
79	3587.2605
79	2913.0745
79	3426.3948
79	3850.3187
79	5027.4295
79	4383.7785
79	3765.0922
79	4858.1702
79	4253.1073
79	3662.7806
79	4026.6369
79	4664.531
79	3114.6435
79	3774.9365
79	3699.1715
79	3686.8917
79	2981.3849
79	3900.7345
79	2681.2076
79	2654.6587
79	2750.3144
79	3795.7911
79	2970.0633
79	6122.406
79	2964.8029
80	3468.5541
80	2915.8132
80	3570.4088
80	4055.2125
80	3489.7934
80	4297.4339
80	4111.0157
80	2866.0588
80	4208.635
80	3533.0692
80	3546.1271
80	3623.6244
80	3723.5285
80	4290.2962
80	3438.1314
80	3281.373
80	4182.5778
80	3780.2663
80	3299.9423
80	5433.831
80	3073.3898
80	4782.8874
80	3224.667
80	3161.3889
80	2955.0282
80	3724.5251
80	2913.0745
80	3469.0789
80	3850.3187
80	4966.9347
80	4429.5876
80	3779.3336
80	4858.1702
80	4138.876
80	3766.227
80	4026.6369
80	4664.531
80	3088.4768
80	3864.43
80	3678.432
80	3639.0139
80	2981.3849
80	3887.9114
80	2681.2076
80	2654.6587
80	2983.2929
80	3786.7025
80	2970.0633
80	6158.5368
80	2965.0811
81	3468.5541
81	2842.7529
81	3619.6859
81	4128.6162
81	3489.7934
81	4292.8573
81	4111.0157
81	3204.4944
81	4387.4607
81	3560.2479
81	3642.3066
81	3635.7435
81	3731.3254
81	4355.4217
81	3438.1314
81	3281.373
81	4189.2852
81	3842.5808
81	3404.7607
81	5461.5828
81	3073.3898
81	4759.896
81	3224.667
81	3208.1313
81	2966.0705
81	3974.9288
81	2974.4658
81	3488.7837
81	3919.4855
81	4879.8102
81	4524.9633
81	3734.3288
81	4826.6054
81	4138.876
81	3955.1257
81	4026.6369
81	4755.7412
81	3088.4768
81	3864.43
81	3678.432
81	3623.217
81	2981.3849
81	3846.4873
81	2681.2076
81	2654.6587
81	3032.9411
81	3766.8337
81	2970.0633
81	6307.8755
81	2972.1146
82	3558.7703
82	2780.0818
82	3624.9152
82	4188.2773
82	3559.5266
82	4269.8054
82	4111.0157
82	3204.4944
82	4387.4607
82	3561.2868
82	3700.6083
82	3706.5899
82	3765.4574
82	4349.875
82	3442.3639
82	3314.6347
82	4283.6961
82	3966.0009
82	3869.9059
82	5495.8122
82	3073.3898
82	4746.4488
82	3224.667
82	3208.1313
82	2953.8538
82	4047.4625
82	2945.3915
82	3502.7873
82	4059.9148
82	4834.2706
82	4537.7136
82	3736.7295
82	4840.819
82	4138.876
82	4140.4292
82	4034.496
82	4755.4022
82	3088.4768
82	3898.6031
82	3718.3704
82	3623.217
82	2993.0564
82	3849.5299
82	2719.8101
82	2654.2656
82	3097.3333
82	3752.0691
82	2966.4983
82	6422.991
82	2972.1146
83	3678.3101
83	2658.4134
83	3624.9152
83	4217.8732
83	3665.6664
83	4269.8054
83	4299.5991
83	3204.4944
83	4387.4607
83	3565.5382
83	3700.6083
83	3777.6172
83	3808.8338
83	4349.875
83	3445.2141
83	3410.6989
83	4345.2566
83	4094.1598
83	3869.9059
83	5495.8122
83	3038.4638
83	4732.0467
83	3326.7143
83	3358.8487
83	2953.8538
83	4047.4625
83	2945.3915
83	3517.2977
83	4105.7642
83	4848.8924
83	4528.5903
83	3736.7295
83	4789.0865
83	4138.876
83	4211.4521
83	4034.496
83	4698.6474
83	3104.1777
83	3962.792
83	3720.8401
83	3634.7629
83	3016.3696
83	3894.71
83	2904.7027
83	2652.2734
83	3097.3333
83	3622.1812
83	2933.2015
83	6431.6981
83	2978.0735
84	3727.9532
84	2640.9756
84	3624.9152
84	4217.8732
84	3780.1063
84	4215.7874
84	4555.7704
84	3245.5525
84	4387.4607
84	3583.3626
84	3700.6083
84	3777.6172
84	3808.8338
84	4358.101
84	3439.5394
84	3447.4662
84	4453.92
84	4094.1598
84	3869.9059
84	5502.0856
84	3055.9732
84	4794.3908
84	3457.1732
84	3391.5915
84	2953.8538
84	4047.4625
84	2958.9812
84	3661.1118
84	4105.7642
84	4848.8924
84	4528.5903
84	3812.1874
84	4789.0865
84	4008.2026
84	4211.4521
84	4034.496
84	4711.6442
84	3084.4204
84	3983.4275
84	3732.9505
84	3634.7629
84	3051.243
84	3989.8763
84	3140.1902
84	2640.0638
84	3105.8187
84	3588.212
84	2933.2015
84	6597.2326
84	2986.6959
85	3808.7964
85	2640.9756
85	3683.7657
85	4217.8732
85	3805.2885
85	4202.5442
85	4564.1466
85	3260.2478
85	4387.4607
85	3612.4554
85	3700.6083
85	3777.6172
85	3808.8338
85	4363.3933
85	3440.8762
85	3457.4259
85	4514.168
85	4059.3824
85	3845.9044
85	5548.9886
85	3071.6571
85	4794.3908
85	3486.9757
85	3433.6005
85	3067.1396
85	4053.0457
85	3128.9019
85	3709.5749
85	4105.7642
85	4848.8924
85	4512.3464
85	4021.0923
85	4789.0865
85	4028.4982
85	4211.4521
85	4137.591
85	4694.6497
85	3084.4204
85	3983.4275
85	3732.9505
85	3723.1916
85	3109.203
85	3992.2532
85	3215.9353
85	2624.033
85	3204.1737
85	3588.212
85	2933.2015
85	6766.0011
85	3043.6792
86	3808.7964
86	2640.9756
86	3866.0088
86	4215.547
86	3805.2885
86	4096.6665
86	4564.1466
86	3333.5176
86	4387.4607
86	3570.5667
86	3700.6083
86	3846.1348
86	3814.5887
86	4363.3933
86	3453.0834
86	3457.4259
86	4567.2178
86	4072.2008
86	3874.8721
86	5522.2025
86	3096.9481
86	4746.4403
86	3486.9757
86	3433.6005
86	3314.6783
86	4074.621
86	3266.6338
86	3709.5749
86	4043.0966
86	4868.6135
86	4477.8415
86	4095.4399
86	4789.0865
86	4004.1524
86	4261.6926
86	4259.2688
86	4645.8643
86	3084.4204
86	3983.4275
86	3776.6703
86	3762.0894
86	3138.5692
86	3992.2532
86	3261.2964
86	2624.033
86	3383.5933
86	3623.1216
86	2933.2015
86	6930.8077
86	3117.3791
87	3807.8266
87	2669.8489
87	4027.5478
87	4258.5646
87	3825.0194
87	4096.6665
87	4532.1341
87	3333.5176
87	4387.4607
87	3570.5667
87	3728.0311
87	3873.4774
87	3830.3526
87	4363.3933
87	3447.3677
87	3457.4259
87	4556.9146
87	4115.7901
87	3900.2716
87	5487.5984
87	3094.5523
87	4664.6757
87	3450.8799
87	3440.6895
87	3314.6783
87	4074.621
87	3318.9242
87	3798.9263
87	4003.5322
87	4936.622
87	4467.5372
87	4095.4399
87	4789.0865
87	4004.1524
87	4466.5849
87	4270.1519
87	4645.8643
87	3134.0885
87	4065.3439
87	3859.6636
87	3746.731
87	3166.3092
87	3999.6597
87	3316.3045
87	2647.9351
87	3537.7058
87	3616.7687
87	2933.2015
87	7002.3953
87	3131.4508
88	3836.0471
88	2658.9563
88	4027.5478
88	4353.1961
88	3903.289
88	4096.6665
88	4423.4055
88	3333.5176
88	4386.7801
88	3614.9414
88	3728.0311
88	3873.4774
88	3942.6453
88	4363.3933
88	3482.1318
88	3485.0222
88	4569.1564
88	4211.0092
88	3900.2716
88	5487.5984
88	3077.3763
88	4563.1127
88	3412.4471
88	3419.7133
88	3314.6783
88	4063.7869
88	3318.9242
88	3950.6631
88	4003.5322
88	5021.4947
88	4467.5372
88	4095.4399
88	4819.4466
88	4024.1414
88	4609.4196
88	4298.2302
88	4556.7937
88	3513.5829
88	4121.5226
88	3936.9022
88	3746.731
88	3227.8217
88	4033.2638
88	3730.2147
88	2787.3053
88	3526.0899
88	3729.5836
88	3058.0925
88	7002.3953
88	3198.5846
89	3836.0471
89	2658.9563
89	4027.5478
89	4362.0024
89	3913.3055
89	4096.6665
89	4423.4055
89	3282.3295
89	4348.4753
89	3681.1939
89	3936.8231
89	3873.4774
89	4140.2762
89	4410.8689
89	3505.0555
89	3506.5371
89	4609.9356
89	4269.5145
89	3900.2716
89	5537.8288
89	3077.3763
89	4516.2515
89	3250.7801
89	3419.7133
89	3339.7029
89	4063.7869
89	3361.4995
89	4039.0723
89	4003.5322
89	5021.4947
89	4467.5372
89	4123.503
89	4948.2656
89	4055.0879
89	4629.8426
89	4319.6085
89	4514.3911
89	3513.5829
89	4146.1686
89	3936.9022
89	3746.731
89	3192.4781
89	4086.3688
89	3730.2147
89	2845.7035
89	3523.7156
89	3729.5836
89	3311.3774
89	6950.052
89	3289.67
90	3836.0471
90	2658.9563
90	4074.7239
90	4377.5535
90	3913.3055
90	4144.234
90	4423.4055
90	3316.0246
90	4354.9305
90	3725.2657
90	3997.1987
90	3876.3283
90	4199.5571
90	4487.6119
90	3549.651
90	3533.1987
90	4607.4323
90	4269.5145
90	3806.7412
90	5598.8335
90	3077.3763
90	4450.5379
90	3250.7801
90	3419.7133
90	3625.4701
90	4063.7869
90	3509.8413
90	4190.2012
90	4074.8726
90	5020.5965
90	4454.1086
90	4300.3311
90	5066.4441
90	4225.6543
90	4675.1815
90	4377.6887
90	4523.3632
90	3513.5829
90	4189.3863
90	3963.1387
90	3746.731
90	3203.8547
90	4087.6635
90	3794.4436
90	2880.6996
90	3523.7156
90	3710.077
90	3341.2813
90	6722.855
90	3336.3316
91	3839.0049
91	2765.9003
91	4340.3478
91	4433.8376
91	3913.3055
91	4225.1123
91	4465.0772
91	3309.0125
91	4354.9305
91	3740.9828
91	4053.1668
91	3882.8235
91	4199.5571
91	4582.0873
91	3549.651
91	3576.8218
91	4617.2108
91	4269.5145
91	3713.2273
91	5902.1922
91	3096.7411
91	4344.2993
91	3250.7801
91	3419.7133
91	3625.4701
91	4008.8662
91	3675.1502
91	4204.9164
91	4133.2914
91	5010.706
91	4481.5459
91	4366.8256
91	5146.3153
91	4225.6543
91	4726.4033
91	4450.8145
91	4538.3707
91	3542.9714
91	4234.1297
91	3963.1387
91	3746.731
91	3205.8413
91	4086.9746
91	3794.4436
91	2880.6996
91	3494.8026
91	3757.0552
91	3341.2813
91	6628.9323
91	3376.1245
92	3866.033
92	2848.5542
92	4340.3478
92	4438.2982
92	3938.1443
92	4225.1123
92	4654.2067
92	3309.0125
92	4385.1472
92	3740.9828
92	4053.1668
92	3882.8235
92	4199.5571
92	4639.6597
92	3558.5397
92	3576.8218
92	4644.8111
92	4269.5145
92	3707.4509
92	6003.0374
92	3155.2495
92	4350.6937
92	3332.2844
92	3419.7133
92	3724.9805
92	3998.974
92	3675.1502
92	4267.5115
92	4112.5799
92	4985.0924
92	4510.1512
92	4440.2604
92	5146.3153
92	4291.3804
92	4726.4033
92	4456.3267
92	4570.1446
92	3660.7458
92	4210.7017
92	3954.3832
92	3755.0688
92	3159.6469
92	4075.4017
92	3981.3593
92	3000.935
92	3500.619
92	3752.1759
92	3341.2813
92	6627.6344
92	3531.9146
93	3903.2102
93	2914.5795
93	4379.0184
93	4469.7132
93	3977.1847
93	4225.1123
93	4725.0738
93	3328.834
93	4552.9888
93	3740.9828
93	4053.1668
93	3882.8235
93	4196.1075
93	4720.7347
93	3580.7812
93	3651.3815
93	4644.8111
93	4331.1128
93	3704.6707
93	6003.0374
93	3209.2622
93	4350.6937
93	3572.6393
93	3454.9567
93	3800.3826
93	3972.8921
93	3675.1502
93	4357.6895
93	4112.5799
93	4997.4193
93	4510.1512
93	4437.673
93	5146.3153
93	4293.805
93	4726.4033
93	4456.3267
93	4555.9587
93	3714.3281
93	4196.3179
93	4003.1986
93	3753.8017
93	3175.0632
93	4257.57
93	4062.9133
93	3054.079
93	3500.619
93	3774.53
93	3364.0421
93	6526.8265
93	3531.9146
94	3913.7017
94	2914.5795
94	4383.9569
94	4482.9545
94	4021.4942
94	4175.2914
94	4725.0738
94	3346.4924
94	4640.4401
94	3901.1978
94	4053.1668
94	3860.9801
94	4200.4006
94	4756.7817
94	3600.6021
94	3707.8158
94	4574.9766
94	4363.3327
94	3704.6707
94	6003.0374
94	3260.6493
94	4306.1143
94	3572.6393
94	3481.2796
94	3859.2804
94	3961.2688
94	3727.3332
94	4493.4667
94	4112.5799
94	4953.1579
94	4646.0882
94	4546.924
94	5007.9535
94	4396.0824
94	4764.6035
94	4478.3969
94	4536.8144
94	3714.3281
94	4278.4166
94	3972.4459
94	3781.6819
94	3244.4272
94	4257.57
94	4100.5766
94	3146.2255
94	3500.619
94	3754.6839
94	3410.2419
94	6482.0428
94	3531.9146
95	3913.7017
95	2951.6189
95	4388.6758
95	4565.5952
95	3970.4555
95	4063.6272
95	4725.0738
95	3426.8022
95	4765.1709
95	3884.1997
95	4090.9386
95	3882.2416
95	4174.2985
95	4793.3528
95	3642.0971
95	3811.4046
95	4574.9766
95	4474.1688
95	3704.6707
95	6003.0374
95	3315.5285
95	4278.9621
95	3572.6393
95	3481.2796
95	3862.0178
95	3870.9667
95	3727.3332
95	4542.2096
95	4112.5799
95	4913.8253
95	4646.0882
95	4536.4507
95	4829.8018
95	4442.9929
95	4827.0717
95	4481.1076
95	4499.8237
95	3714.3281
95	4272.7561
95	3972.4459
95	3766.4616
95	3244.4272
95	4253.2605
95	4100.5766
95	3146.2255
95	3500.619
95	3778.4468
95	3612.8819
95	6024.8533
95	3531.9146
96	3913.7017
96	3020.0676
96	4337.7911
96	4597.1373
96	3970.4555
96	4026.1114
96	4738.8713
96	3405.3749
96	4765.1709
96	3799.1841
96	4090.9386
96	3878.1733
96	4174.2985
96	4793.3528
96	3630.4227
96	3811.4046
96	4469.0015
96	4502.952
96	3709.4116
96	6102.9036
96	3315.5285
96	4278.9621
96	3572.6393
96	3532.1374
96	3862.0178
96	3829.8873
96	3752.7643
96	4611.5121
96	4112.5799
96	4886.7115
96	4620.6877
96	4501.3311
96	4787.2773
96	4442.9929
96	4824.5656
96	4518.2703
96	4478.2779
96	4084.332
96	4272.7561
96	3972.4459
96	3766.4616
96	3320.0735
96	4219.2026
96	4111.9387
96	3181.6961
96	3758.1493
96	3789.5371
96	3743.5737
96	5814.051
96	3687.1116
97	3974.4013
97	3052.8363
97	4337.7911
97	4597.1373
97	3970.4555
97	4026.1114
97	4716.8453
97	3405.3749
97	4778.2329
97	3799.1841
97	4063.188
97	3882.9637
97	4188.0636
97	4816.7917
97	3591.6164
97	3811.4046
97	4377.0005
97	4474.8077
97	3787.8025
97	6387.6829
97	3395.4857
97	4241.5537
97	3804.4377
97	3529.6529
97	3862.0178
97	3829.8873
97	3791.96
97	4602.8016
97	4112.5799
97	4885.0341
97	4577.4776
97	4551.0473
97	4787.2773
97	4442.9929
97	4824.5656
97	4505.5891
97	4449.0197
97	4221.9083
97	4307.2395
97	3972.4459
97	3757.9542
97	3371.2686
97	4373.137
97	4070.4853
97	3218.8596
97	3715.8607
97	3927.0446
97	3842.4799
97	5734.7452
97	3651.2427
98	4153.8087
98	3072.2893
98	4337.7911
98	4567.6243
98	3980.021
98	4060.6781
98	4648.6891
98	3405.3749
98	4844.7864
98	3799.1841
98	4043.2724
98	3882.9637
98	4235.5634
98	4850.1683
98	3566.0954
98	3812.5057
98	4427.1924
98	4520.6599
98	3787.8025
98	6469.6663
98	3395.4857
98	4206.3287
98	3842.5999
98	3520.526
98	4044.1881
98	3842.1107
98	3837.8248
98	4602.8016
98	4132.8182
98	4878.7105
98	4443.7967
98	4538.7919
98	4787.2773
98	4442.9929
98	4824.5656
98	4505.5891
98	4462.4175
98	4278.9988
98	4307.2395
98	3981.2365
98	3702.8218
98	3422.8683
98	4355.0417
98	4122.2462
98	3279.9461
98	3715.8607
98	4081.0561
98	3842.4799
98	5656.1459
98	3647.7355
99	4273.3336
99	3072.2893
99	4406.6275
99	4536.3956
99	4042.7534
99	4060.6781
99	4643.9453
99	3403.2186
99	5066.5755
99	3747.8621
99	3992.1966
99	3882.9637
99	4228.0051
99	4850.1683
99	3566.0954
99	3701.1208
99	4427.1924
99	4562.9764
99	3787.8025
99	6593.1366
99	3422.3982
99	4137.2497
99	3842.5999
99	3538.331
99	4064.0126
99	3864.4707
99	3837.8248
99	4597.9126
99	4132.8182
99	4850.5503
99	4443.7967
99	4555.1297
99	4951.0216
99	4481.7822
99	4848.0535
99	4505.5891
99	4457.2142
99	4278.9988
99	4320.856
99	3981.2365
99	3675.4355
99	3422.8683
99	4378.3689
99	4111.6455
99	3279.9461
99	3715.8607
99	4326.4715
99	4066.0409
99	5656.1459
99	3676.529
100	4273.3336
100	3068.5433
100	4444.5151
100	4500.4763
100	4052.4517
100	4183.0699
100	4643.9453
100	3434.4809
100	5111.0571
100	3724.3744
100	3992.1966
100	3810.116
100	4237.6189
100	4853.9326
100	3601.997
100	3565.7292
100	4427.1924
100	4603.2874
100	4097.2917
100	6600.9185
100	3422.3982
100	4219.8338
100	3842.5999
100	3538.331
100	3978.6434
100	4023.7532
100	3832.1912
100	4631.4984
100	4196.7884
100	4934.555
100	4443.7967
100	4555.1297
100	5102.7986
100	4501.268
100	4934.6827
100	4419.2634
100	4541.4788
100	4301.1844
100	4297.4609
100	3981.2365
100	3675.4355
100	3516.9416
100	4628.8518
100	4111.6455
100	3279.9461
100	3830.8313
100	4482.6417
100	4235.942
100	5656.1459
100	3541.9735
101	4273.3336
101	3163.1294
101	4535.893
101	4486.1116
101	4026.3811
101	4237.7691
101	4643.9453
101	3611.1818
101	5111.0571
101	3724.3744
101	3992.1966
101	3766.0119
101	4280.2772
101	4919.1032
101	3601.997
101	3510.3003
101	4547.9028
101	4603.2874
101	4276.8775
101	6675.9036
101	3429.158
101	4219.8338
101	3998.6588
101	3538.331
101	3988.2403
101	4054.1951
101	3824.6292
101	4631.4984
101	4196.7884
101	4934.555
101	4443.7967
101	4555.1297
101	5099.4658
101	4579.3938
101	4986.9875
101	4362.488
101	4541.4788
101	4171.1141
101	4278.9298
101	4064.9595
101	3675.4355
101	3605.5802
101	4696.5517
101	4111.6455
101	3407.6451
101	3873.9515
101	4482.6417
101	4292.9178
101	5638.0829
101	3541.9735
102	4305.3448
102	3163.1294
102	4534.3982
102	4486.1116
102	4023.2367
102	4285.9068
102	4696.9633
102	3601.2123
102	5111.0571
102	3701.6322
102	3992.1966
102	3763.4206
102	4307.2846
102	5000.2887
102	3644.2923
102	3593.456
102	4576.9077
102	4545.4788
102	4276.8775
102	6702.6035
102	3429.158
102	4239.9303
102	4052.0349
102	3540.2269
102	3963.4978
102	4083.9808
102	3896.6935
102	4631.4984
102	4166.8931
102	4885.9817
102	4461.6529
102	4576.8008
102	5114.4486
102	4588.6041
102	4986.9875
102	4249.251
102	4592.6505
102	4169.0307
102	4278.9298
102	4242.0376
102	3705.6824
102	3631.3745
102	4716.2221
102	4310.6666
102	3854.291
102	3924.9619
102	4482.6417
102	4292.9178
102	5638.0829
102	3592.0123
103	4449.0541
103	3214.0094
103	4537.5047
103	4475.5372
103	4025.6031
103	4285.9068
103	4667.5166
103	3601.2123
103	5111.0571
103	3701.6322
103	3948.2612
103	3761.5841
103	4307.2846
103	5058.7688
103	3721.532
103	3651.4114
103	4717.1123
103	4560.9514
103	4233.8413
103	6928.2538
103	3385.7117
103	4336.1312
103	4052.0349
103	3540.2269
103	3952.9714
103	4081.2781
103	3941.3473
103	4631.4984
103	4146.124
103	4858.1832
103	4469.9293
103	4625.5692
103	5114.4486
103	4636.028
103	4921.0098
103	4249.251
103	4749.9399
103	4169.0307
103	4256.0039
103	4269.4079
103	3815.196
103	3678.7435
103	4716.2221
103	4342.9344
103	3968.4115
103	3924.9619
103	4529.5336
103	4359.1335
103	5638.0829
103	3591.7591
104	4506.2685
104	3540.3881
104	4552.9008
104	4475.5372
104	4055.9557
104	4422.9991
104	4667.5166
104	3601.2123
104	5043.8624
104	3727.4237
104	3948.2612
104	3761.5841
104	4382.0786
104	4954.8551
104	3721.532
104	3744.8138
104	4775.3618
104	4548.2562
104	4225.6424
104	6928.2538
104	3326.0498
104	4359.1239
104	4126.4877
104	3556.3491
104	4009.1368
104	4032.3101
104	3941.3473
104	4660.2861
104	4146.124
104	4786.565
104	4457.7806
104	4691.5297
104	5114.4486
104	4636.028
104	4839.7892
104	4327.2414
104	4869.9791
104	4105.5949
104	4256.0039
104	4301.6357
104	3844.9326
104	3678.7435
104	4730.0625
104	4382.1233
104	4039.5172
104	4036.8917
104	4556.1785
104	4428.9389
104	5638.0829
104	3591.7591
105	4523.7356
105	3607.3715
105	4666.7024
105	4475.5372
105	4077.3185
105	4410.9306
105	4611.6885
105	3640.321
105	4801.58
105	3807.2228
105	3922.6918
105	3748.5723
105	4308.0409
105	4954.8551
105	3721.532
105	3886.968
105	4775.3618
105	4548.2562
105	4152.9704
105	6928.2538
105	3326.0498
105	4359.1239
105	4134.6934
105	3580.6417
105	4009.1186
105	3995.0675
105	3941.3473
105	4700.0909
105	4058.8507
105	4606.8585
105	4457.7806
105	4762.9641
105	5114.4486
105	4592.7459
105	4541.8375
105	4717.5172
105	5011.8207
105	4105.5949
105	4274.3482
105	4301.6357
105	3844.9326
105	3678.7435
105	4809.7935
105	4382.1233
105	4039.5172
105	4036.8917
105	4573.3488
105	4457.88
105	5635.6797
105	3633.9787
106	4523.7356
106	3607.3715
106	4764.4798
106	4823.3363
106	4091.7959
106	4363.2411
106	4568.1502
106	3700.8828
106	4801.58
106	3813.4161
106	3963.2244
106	3773.3981
106	4308.0409
106	4945.0594
106	3701.402
106	3945.7162
106	4775.3618
106	4548.2562
106	4061.2348
106	6928.2538
106	3262.0058
106	4392.8563
106	4118.3327
106	3612.14
106	4010.2926
106	3995.0675
106	3941.3473
106	4729.3367
106	3946.9694
106	4606.8585
106	4457.7806
106	4781.2868
106	5114.4486
106	4592.7459
106	4541.8375
106	4955.7043
106	5011.8207
106	4105.5949
106	4274.3482
106	4301.6357
106	3844.9326
106	3882.1157
106	4809.7935
106	4382.1233
106	3995.9999
106	4098.7752
106	4558.0006
106	4499.8113
106	5611.9757
106	3633.9787
107	4523.7356
107	3640.7677
107	4905.1401
107	5231.2324
107	4157.0364
107	4333.3693
107	4557.6446
107	3708.9268
107	4801.58
107	3813.4161
107	4011.7755
107	3834.5909
107	4389.9798
107	4973.027
107	3646.7957
107	3945.7162
107	4775.3618
107	4563.1076
107	4006.6611
107	6928.2538
107	3262.0058
107	4294.2389
107	4086.6102
107	3660.7878
107	4024.663
107	3981.1997
107	3935.6111
107	4767.2084
107	3926.9888
107	4606.8585
107	4457.7806
107	4781.2868
107	4977.2558
107	4608.4438
107	4446.4063
107	5032.7485
107	5047.4536
107	4105.5949
107	4275.772
107	4287.1665
107	3844.9326
107	4002.9101
107	4705.631
107	4382.1233
107	4072.1491
107	4143.193
107	4565.6004
107	4499.8113
107	5619.4659
107	3586.5153
108	4523.7356
108	3782.916
108	4920.233
108	5231.2324
108	4102.2238
108	4287.4447
108	4557.6446
108	3727.7641
108	4780.3827
108	3756.4137
108	4025.7041
108	3870.812
108	4442.8674
108	5070.6075
108	3634.8113
108	3945.7162
108	4775.3618
108	4529.457
108	4006.6611
108	6912.2361
108	3288.7356
108	4221.8066
108	4133.6424
108	3708.2493
108	4024.663
108	3981.1997
108	3946.4814
108	4805.7725
108	3849.3959
108	4606.8585
108	4457.7806
108	4781.2868
108	4977.2558
108	4669.6562
108	4446.4063
108	5032.7485
108	5047.4536
108	4105.5949
108	4275.772
108	4287.1665
108	3844.9326
108	4111.6374
108	4705.631
108	4378.7075
108	4155.8243
108	4227.0504
108	4565.6004
108	4617.4597
108	5619.9434
108	3553.0667
109	4523.7356
109	3939.1372
109	4972.6544
109	5231.2324
109	4148.1646
109	4290.8256
109	4557.7224
109	3706.8286
109	4634.9197
109	3686.2307
109	4025.7041
109	3880.6666
109	4829.969
109	5070.6075
109	3629.3095
109	3961.9568
109	4783.9148
109	4510.6192
109	4006.6611
109	6851.2692
109	3288.7356
109	4184.4731
109	4103.2241
109	3708.2493
109	4103.5329
109	3940.6797
109	3946.4814
109	4805.7725
109	3849.3959
109	4628.0799
109	4410.2041
109	4799.7753
109	4966.2241
109	4675.9506
109	4436.2237
109	5179.1403
109	5098.8573
109	4105.5949
109	4278.4274
109	4302.1091
109	3810.7307
109	4111.6374
109	4697.87
109	4327.9457
109	4155.8243
109	4255.9972
109	4461.4586
109	4762.4528
109	5530.9097
109	3532.884
110	4503.9672
110	3939.1372
110	4972.6544
110	5295.7255
110	4165.9778
110	4245.053
110	4612.7787
110	3738.2122
110	4579.0601
110	3648.515
110	4025.7041
110	3880.6666
110	4829.969
110	5133.07
110	3584.6326
110	3961.9568
110	4775.1048
110	4517.6953
110	4017.3476
110	6841.9324
110	3355.1186
110	4184.4731
110	4103.2241
110	3682.4476
110	4069.7843
110	3886.7165
110	3940.4639
110	4703.8336
110	3849.3959
110	4561.0609
110	4395.8434
110	4868.6486
110	4908.0719
110	4675.9506
110	4491.8683
110	5473.4411
110	5121.923
110	4127.2196
110	4302.8055
110	4302.1091
110	3811.0179
110	4111.3591
110	4697.87
110	4226.7481
110	4155.8243
110	4255.9972
110	4412.2904
110	5248.3254
110	5562.935
110	3531.9352
111	4503.9672
111	3972.7354
111	4972.6544
111	5357.3033
111	4270.0934
111	4206.7705
111	4653.2947
111	3763.1865
111	4579.0601
111	3625.5235
111	4048.326
111	3971.0119
111	4829.969
111	5162.6488
111	3561.5865
111	3966.2987
111	4775.1048
111	4533.0779
111	4028.5893
111	6761.3744
111	3411.6947
111	4208.7997
111	4120.9579
111	3664.9396
111	4103.4807
111	3886.7165
111	3933.4338
111	4611.4814
111	3849.3959
111	4561.0609
111	4316.2831
111	4890.7227
111	5001.827
111	4671.5382
111	4604.0609
111	5524.8119
111	5118.8849
111	4127.2196
111	4302.8055
111	4302.3602
111	3811.0179
111	4161.8075
111	4635.2597
111	4226.7481
111	4144.4099
111	4255.9972
111	4392.7751
111	5248.3254
111	5562.935
111	3505.8976
112	4522.2019
112	4008.6778
112	4972.6544
112	5422.8343
112	4270.0934
112	4222.0336
112	4653.2947
112	3834.4672
112	4579.0601
112	3647.9727
112	4081.3806
112	4077.9475
112	4829.969
112	4780.181
112	3561.5865
112	3966.6659
112	4775.1048
112	4505.5672
112	4037.1516
112	6756.9488
112	3532.1779
112	4175.3004
112	4139.3099
112	3667.4537
112	4137.1887
112	3871.7735
112	3933.4338
112	4606.8078
112	3849.3959
112	4564.7761
112	4167.1298
112	4914.6593
112	5065.712
112	4684.0864
112	4604.0609
112	5563.786
112	5219.3555
112	4120.3388
112	4304.7849
112	4281.6869
112	3811.0179
112	4257.5539
112	4586.5986
112	4226.7481
112	4137.82
112	4242.8416
112	4392.7751
112	5303.0465
112	5459.2751
112	3518.8978
113	4577.3679
113	4213.1659
113	4957.8134
113	5422.8343
113	4270.0934
113	4233.3362
113	4727.8754
113	3906.0165
113	4574.8596
113	3629.954
113	4097.8466
113	4159.9456
113	5063.5277
113	4691.6706
113	3598.4646
113	3962.1758
113	4955.8925
113	4488.6824
113	4019.6976
113	6756.9488
113	3545.9604
113	4172.9701
113	4139.3099
113	3678.7566
113	4277.5045
113	3871.7735
113	3933.4338
113	4606.8078
113	3868.997
113	4564.7761
113	4126.6865
113	4881.2154
113	5012.4271
113	4784.3353
113	4600.5484
113	5563.786
113	5403.4617
113	4098.9751
113	4304.7849
113	4214.2597
113	3811.0179
113	4257.5539
113	4586.5986
113	4226.7481
113	4146.3514
113	4162.7662
113	4427.1477
113	5308.0832
113	5424.0222
113	3516.7526
114	4726.8733
114	4360.7292
114	4970.7356
114	5318.7008
114	4200.8851
114	4237.9871
114	4727.8754
114	3906.0165
114	4570.5309
114	3580.0078
114	4118.3041
114	4191.2982
114	5022.5015
114	4691.6706
114	3625.5778
114	3998.0704
114	5057.6182
114	4454.661
114	3976.284
114	6756.9488
114	3545.9604
114	4172.9701
114	4143.5425
114	3678.7566
114	4328.5333
114	3871.7735
114	3925.0146
114	4606.8078
114	3906.8059
114	4485.6677
114	4064.8389
114	4881.2154
114	4970.5355
114	4862.8662
114	4600.5484
114	5588.2048
114	5421.9221
114	4098.9751
114	4403.0785
114	4205.5609
114	3811.0179
114	4257.5539
114	4488.8498
114	4114.5794
114	4128.0787
114	4094.4222
114	4324.2752
114	5346.599
114	5214.7903
114	3516.7526
115	4805.8786
115	4360.7292
115	5000.5958
115	5118.6397
115	4137.4706
115	4231.9443
115	4737.213
115	3906.0165
115	4563.1546
115	3534.9562
115	4118.3041
115	4419.6587
115	5027.3217
115	4579.6484
115	3794.5031
115	3966.5452
115	5169.4708
115	4414.6215
115	4012.5445
115	6756.9488
115	3545.9604
115	4172.9701
115	4183.3132
115	3678.7566
115	4380.6319
115	3871.7735
115	3925.0146
115	4579.9616
115	4026.2472
115	4337.0519
115	4064.8389
115	4881.2154
115	4923.667
115	4871.4203
115	4636.1819
115	5588.2048
115	5515.5872
115	4097.267
115	4489.6326
115	4205.5609
115	3811.0179
115	4286.1093
115	4384.6178
115	4017.4868
115	4152.8317
115	4065.2307
115	4223.8425
115	5318.7447
115	5150.5082
115	3571.3817
116	4884.7349
116	4360.7292
116	5000.5958
116	5083.0223
116	4137.4706
116	4200.5912
116	4737.213
116	3930.9581
116	4563.1546
116	3534.9562
116	4112.4569
116	4419.6587
116	5027.3217
116	4579.6484
116	3854.7244
116	3945.1463
116	5213.4617
116	4414.6215
116	4012.5445
116	6747.1079
116	3686.4105
116	4091.0218
116	4208.3456
116	3678.7566
116	4380.6319
116	3860.8309
116	3925.0146
116	4579.9616
116	4063.9499
116	4285.7971
116	4064.8389
116	4945.8978
116	4852.606
116	4893.2747
116	4628.0206
116	5571.8848
116	5515.5872
116	4094.906
116	4529.7034
116	4216.2056
116	3811.0179
116	4298.5531
116	4383.7484
116	3990.2698
116	4233.4411
116	4065.2307
116	4101.0904
116	5318.7447
116	5122.9498
116	3618.4323
117	4884.7349
117	4310.8188
117	5081.09
117	4976.4875
117	4158.15
117	4224.1775
117	4737.213
117	3963.5293
117	4546.7059
117	3476.0472
117	4136.9563
117	4419.6587
117	4954.0994
117	4579.6484
117	3874.3916
117	3945.1463
117	5213.4617
117	4414.6215
117	4053.49
117	6731.3742
117	3752.2249
117	4095.2028
117	4247.8172
117	3735.8623
117	4380.6319
117	3860.8309
117	3925.0146
117	4579.9616
117	4063.9499
117	4285.7971
117	4064.8389
117	5090.9853
117	4618.6963
117	4906.8742
117	4615.7551
117	5611.6799
117	5515.5872
117	4142.6265
117	4529.7034
117	4206.9016
117	3843.0714
117	4298.7451
117	4383.8745
117	3919.5613
117	4311.2388
117	4065.2307
117	4101.0904
117	5318.7447
117	5122.9498
117	3685.4683
118	4884.7349
118	4317.5846
118	5117.4728
118	4976.4875
118	4158.15
118	4254.0789
118	4737.213
118	4157.385
118	4474.9899
118	3423.4965
118	4136.9563
118	4419.6587
118	4922.6801
118	4579.6484
118	3874.3916
118	3945.1463
118	5183.4099
118	4414.6215
118	4097.5934
118	6731.3742
118	3750.9561
118	4067.3587
118	4249.4765
118	3785.4047
118	4380.6319
118	3870.9508
118	3925.0146
118	4557.226
118	4063.9499
118	4285.7971
118	4055.7887
118	5260.8504
118	4567.0378
118	4909.5404
118	4626.0598
118	5638.5647
118	5496.0489
118	4142.6265
118	4529.7034
118	4206.9016
118	3872.1156
118	4364.1959
118	4366.9219
118	3919.5613
118	4329.6242
118	4144.7681
118	4043.8789
118	5331.8164
118	4905.2228
118	3813.5632
119	4884.7349
119	4254.5179
119	5118.8248
119	4967.3875
119	4150.8542
119	4383.6785
119	4737.213
119	4197.9063
119	4388.3843
119	3411.1866
119	4187.5797
119	4560.644
119	4944.2053
119	4574.9263
119	3874.3916
119	3946.0603
119	5149.6001
119	4414.6215
119	4104.0088
119	6731.3742
119	3750.9561
119	4064.0085
119	4293.4888
119	3783.6126
119	4372.066
119	3924.0175
119	3925.0146
119	4557.226
119	4085.6218
119	4027.2764
119	4055.7887
119	5260.8504
119	4567.0378
119	4909.5404
119	4626.0598
119	5801.9525
119	5472.5739
119	4142.6265
119	4730.9706
119	4206.9016
119	3872.1156
119	4364.1959
119	4366.9219
119	3873.2075
119	4315.7458
119	4308.0132
119	3997.4612
119	5335.2396
119	4734.3129
119	3904.1789
120	4884.7349
120	4083.2868
120	5118.8248
120	4983.4803
120	4141.0882
120	4383.6785
120	4737.213
120	4197.9063
120	4388.3843
120	3159.3373
120	4281.8109
120	4599.5115
120	4927.3968
120	4536.8601
120	3874.3916
120	4019.3334
120	5051.0094
120	4414.6215
120	4142.2359
120	6571.5751
120	3750.9561
120	4064.0085
120	4383.2391
120	3783.6126
120	4372.066
120	3934.2783
120	3925.0146
120	4649.0145
120	4079.694
120	3995.7258
120	4055.7887
120	5260.8504
120	4567.0378
120	4990.5911
120	4626.0598
120	5910.039
120	5547.5813
120	4142.6265
120	4791.8654
120	4206.9016
120	3872.1156
120	4360.4223
120	4330.4389
120	3844.4648
120	4315.7458
120	4334.9655
120	3997.4612
120	5335.2396
120	4740.0685
120	4010.4203
121	4884.7349
121	4083.2868
121	5118.8248
121	4954.9576
121	4151.3038
121	4536.4467
121	4737.213
121	4197.9063
121	4388.3843
121	3159.3373
121	4281.8109
121	4586.5801
121	4925.4408
121	4536.8601
121	3874.3916
121	4047.7955
121	4996.5527
121	4414.6215
121	4190.2789
121	6374.9506
121	3750.9561
121	4064.0085
121	4420.4124
121	3804.4859
121	4372.066
121	4120.9046
121	3925.0146
121	4701.5198
121	4049.5945
121	3799.4638
121	4055.7887
121	5234.773
121	4611.1986
121	5075.7924
121	4626.0598
121	5910.039
121	5647.748
121	4142.6265
121	4924.2163
121	4244.7028
121	3872.1156
121	4360.4223
121	4286.8251
121	3816.3888
121	4315.7458
121	4334.9655
121	4181.4759
121	5358.4572
121	4740.0685
121	4137.9415
122	4884.7349
122	4083.2868
122	5142.3699
122	4935.5112
122	4161.2411
122	4669.5748
122	4737.213
122	4017.0135
122	4388.3843
122	3199.6091
122	4281.8109
122	4568.0929
122	4925.4408
122	4536.8601
122	3874.3916
122	4047.7955
122	4996.5527
122	4414.6215
122	4190.2789
122	6235.8597
122	3750.9561
122	4074.4219
122	4516.1637
122	3898.8365
122	4372.066
122	4120.9046
122	3925.0146
122	4701.5198
122	4049.5945
122	3816.6986
122	3690.6353
122	5253.6037
122	4695.8553
122	5075.7924
122	4626.0598
122	5910.039
122	5641.8038
122	4142.6265
122	4924.2163
122	4374.5191
122	3888.2085
122	4478.9768
122	4302.5474
122	3805.7074
122	4315.7458
122	4334.9655
122	4249.6765
122	5358.4572
122	4581.9
122	4185.7257
123	4884.7349
123	4083.2868
123	5175.1846
123	4935.5112
123	4128.7708
123	4669.5748
123	4710.1867
123	3990.4285
123	4388.3843
123	3238.6368
123	4268.9249
123	4576.3464
123	4922.3884
123	4545.8883
123	3874.3916
123	4114.6759
123	4953.5802
123	4423.1569
123	4190.2789
123	6235.8597
123	3750.9561
123	4068.691
123	4529.6716
123	3870.2092
123	4372.066
123	4120.9046
123	3925.0146
123	4826.6431
123	4211.6287
123	3816.6986
123	3628.8378
123	5246.1208
123	4670.8372
123	5075.7924
123	4626.0598
123	5910.039
123	5641.8038
123	4142.6265
123	4982.229
123	4412.4205
123	3982.7991
123	4575.8886
123	4302.5474
123	3805.7074
123	4315.7458
123	4334.9655
123	4339.7585
123	5225.9861
123	4433.7987
123	4185.7257
124	4884.7349
124	4096.585
124	5175.1846
124	4935.5112
124	4082.652
124	4669.5748
124	4710.1867
124	3951.4568
124	4388.3843
124	3394.6319
124	4268.9249
124	4615.5677
124	4890.2869
124	4489.1554
124	3874.3916
124	4131.2507
124	4920.7085
124	4425.0823
124	4197.4066
124	6235.8597
124	3750.9561
124	4177.4482
124	4564.0559
124	3861.6632
124	4372.066
124	4120.9046
124	3925.0146
124	4842.9796
124	4211.6287
124	3816.6986
124	3518.5634
124	5246.1208
124	4805.8148
124	5075.7924
124	4626.0598
124	5910.039
124	5641.8038
124	4142.6265
124	4958.0966
124	4430.5696
124	4085.366
124	4577.5589
124	4226.1612
124	3792.9913
124	4315.7458
124	4334.9655
124	4408.8331
124	5198.1886
124	4354.0303
124	4223.2559
125	4884.7349
125	4037.2969
125	5175.1846
125	4881.6555
125	4093.8902
125	4669.5748
125	4710.1867
125	3951.4568
125	4388.3843
125	3394.6319
125	4268.9249
125	4615.5677
125	4890.2869
125	4552.179
125	3878.8346
125	4109.2102
125	4941.6585
125	4425.0823
125	4196.0622
125	6235.8597
125	3750.9561
125	4374.9253
125	4571.6754
125	3861.6632
125	4372.066
125	4120.9046
125	3925.0146
125	4842.9796
125	4285.1009
125	3772.071
125	3518.5634
125	5246.1208
125	4850.4086
125	5075.7924
125	4626.0598
125	5692.2939
125	5678.5039
125	4094.2478
125	5038.0982
125	4430.5696
125	4085.366
125	4577.5589
125	4067.2497
125	3770.4479
125	4315.7458
125	4334.9655
125	4408.8331
125	5198.1886
125	4299.0826
125	4294.7664
126	4884.7349
126	3972.7973
126	5201.9675
126	4881.6555
126	4093.8902
126	4678.1618
126	4716.3529
126	4015.4774
126	4388.3843
126	3496.4466
126	4297.8435
126	4615.5677
126	4890.2869
126	4582.5937
126	3878.8346
126	4109.2102
126	4977.3295
126	4467.1522
126	4163.734
126	6235.8597
126	3750.9561
126	4392.1257
126	4571.6754
126	3861.6632
126	4372.066
126	4113.6037
126	3891.3576
126	4842.9796
126	4285.1009
126	3772.071
126	3518.5634
126	5241.3662
126	4850.4086
126	5075.7924
126	4626.0598
126	5565.2771
126	5678.5039
126	4094.2478
126	5026.3336
126	4430.5696
126	4085.366
126	4577.5589
126	3888.2809
126	3781.6147
126	4315.7458
126	4334.9655
126	4408.8331
126	5175.8849
126	4246.3984
126	4298.6067
127	4884.7349
127	3943.5416
127	5129.3517
127	4881.6555
127	4093.8902
127	4644.2837
127	4666.8172
127	4055.6951
127	4388.3843
127	3496.4466
127	4297.8435
127	4622.1226
127	4908.258
127	4582.5937
127	3878.8346
127	4109.2102
127	4977.3295
127	4507.4597
127	4163.734
127	6163.1861
127	3750.9561
127	4392.1257
127	4571.6754
127	3861.6632
127	4372.066
127	4113.6037
127	3891.5922
127	4842.9796
127	4426.6961
127	3772.071
127	3518.5634
127	5279.5964
127	4850.4086
127	4993.6213
127	4613.9131
127	5454.845
127	5678.5039
127	4016.8882
127	5026.3336
127	4430.5696
127	4085.366
127	4577.5589
127	3888.2809
127	3759.446
127	4315.7458
127	4354.6736
127	4408.8331
127	5198.2623
127	4246.3984
127	4298.6067
128	4884.7349
128	3943.5416
128	5129.3517
128	4890.697
128	4077.4324
128	4625.1232
128	4651.3356
128	4132.4556
128	4388.3843
128	3572.8331
128	4297.8435
128	4592.4977
128	5048.0168
128	4613.1522
128	3886.8808
128	4109.2102
128	4977.3295
128	4507.4597
128	4163.734
128	6115.2639
128	3746.7094
128	4392.1257
128	4571.6754
128	3861.6632
128	4372.066
128	4113.6037
128	3891.5922
128	4842.9796
128	4473.787
128	3743.5677
128	3518.5634
128	5292.5816
128	4850.4086
128	5016.3471
128	4613.9131
128	5494.9047
128	5678.5039
128	4016.8882
128	5026.3336
128	4430.5696
128	4085.366
128	4540.3018
128	3888.2809
128	3759.446
128	4333.5853
128	4385.6844
128	4408.8331
128	5198.2623
128	4226.1056
128	4321.3453
129	4884.7349
129	4094.9685
129	5129.3517
129	4911.8428
129	4154.2473
129	4625.1232
129	4638.8433
129	4183.1717
129	4388.3843
129	3603.8221
129	4213.3711
129	4578.7026
129	5048.0168
129	4613.1522
129	3886.8808
129	4109.2102
129	4939.2674
129	4507.4597
129	4163.734
129	6082.8415
129	3746.7094
129	4392.1257
129	4571.6754
129	3861.6632
129	4372.066
129	4149.5593
129	3891.5922
129	4842.9796
129	4512.6507
129	3743.5677
129	3518.5634
129	5245.7412
129	4850.4086
129	4975.9844
129	4613.9131
129	5494.9047
129	5683.0655
129	4016.8882
129	5026.3336
129	4430.5696
129	4085.366
129	4487.5821
129	3899.2537
129	3759.446
129	4320.1545
129	4334.1373
129	4427.7906
129	5230.2449
129	4226.1056
129	4249.4888
130	4920.1925
130	4167.2065
130	5129.3517
130	4993.2583
130	4180.8315
130	4625.1232
130	4677.2694
130	4183.1717
130	4458.7756
130	3649.522
130	4110.4049
130	4578.7026
130	5151.2231
130	4613.1522
130	3886.8808
130	4101.7062
130	4961.7143
130	4494.1977
130	4163.734
130	6082.8415
130	3746.7094
130	4392.1257
130	4571.6754
130	3861.6632
130	4372.066
130	4222.4813
130	3907.0386
130	4842.9796
130	4512.6507
130	3793.6814
130	3733.7603
130	5145.1274
130	4659.8783
130	4934.3415
130	4613.9131
130	5501.3615
130	5647.9748
130	3975.4837
130	5044.5492
130	4430.5696
130	4085.366
130	4338.3891
130	3852.6876
130	3759.446
130	4320.1545
130	4334.1373
130	4427.7906
130	5230.2449
130	4203.7325
130	4249.4888
131	4935.2224
131	4257.0689
131	5129.3517
131	5011.016
131	4180.8315
131	4625.1232
131	4705.77
131	4162.1914
131	4677.0697
131	3681.7394
131	4110.4049
131	4578.7026
131	5151.2231
131	4613.1522
131	3886.8808
131	4101.7062
131	4961.7143
131	4494.1977
131	4163.734
131	6092.9273
131	3746.7094
131	4392.1257
131	4571.6754
131	3853.0171
131	4372.066
131	4258.5425
131	3930.196
131	4842.9796
131	4510.3713
131	3736.9649
131	3821.9537
131	5145.1274
131	4599.8445
131	4964.5361
131	4602.0646
131	5501.3615
131	5631.0646
131	3975.4837
131	5045.6821
131	4430.5696
131	4113.1946
131	4305.9997
131	3829.9199
131	3823.5018
131	4320.1545
131	4384.7747
131	4427.7906
131	5230.2449
131	4298.0421
131	4249.4888
132	4976.8681
132	4339.212
132	5113.6238
132	5011.016
132	4182.6501
132	4625.1232
132	4725.1545
132	4099.1905
132	4706.4423
132	3681.7394
132	4095.7737
132	4578.7026
132	5190.6237
132	4613.1522
132	3890.1384
132	4101.7062
132	4961.7143
132	4494.1977
132	4163.734
132	6092.9273
132	3727.717
132	4392.1257
132	4571.6754
132	3844.9011
132	4372.066
132	4258.5425
132	3939.212
132	4842.9796
132	4553.6779
132	3706.7586
132	3892.1313
132	5133.3169
132	4574.5162
132	4971.6072
132	4602.0646
132	5501.3615
132	5618.856
132	4006.263
132	5045.6821
132	4430.9627
132	4123.3187
132	4054.6288
132	3811.3879
132	3916.8067
132	4305.0105
132	4455.9846
132	4402.2917
132	5230.2449
132	4265.0278
132	4274.0343
133	5039.9518
133	4417.1222
133	5113.6238
133	5011.016
133	4195.371
133	4625.1232
133	4771.5685
133	4041.7584
133	4727.6842
133	3681.7394
133	4095.7737
133	4578.7026
133	5227.0615
133	4613.1522
133	3893.5462
133	4101.7062
133	4937.5967
133	4482.1888
133	4163.734
133	6092.9273
133	3699.806
133	4408.566
133	4571.6754
133	3844.9011
133	4372.066
133	4258.5425
133	3941.5256
133	4842.9796
133	4593.737
133	3706.7586
133	3892.1313
133	5133.3169
133	4574.5162
133	4971.6072
133	4637.3694
133	5501.3615
133	5657.6737
133	4058.3479
133	5045.6821
133	4490.9928
133	4123.3187
133	4054.6288
133	3811.3879
133	3974.4106
133	4206.3628
133	4455.9846
133	4402.2917
133	5230.2449
133	4148.746
133	4230.1645
134	5039.9518
134	4479.6843
134	5120.6135
134	5011.016
134	4195.371
134	4540.5737
134	4771.5685
134	3968.5883
134	4727.6842
134	3681.7394
134	4095.7737
134	4578.7026
134	5227.0615
134	4700.2804
134	3883.1704
134	4153.5304
134	4625.6024
134	4447.3918
134	4163.734
134	6092.9273
134	3699.806
134	4408.566
134	4597.9419
134	3844.9011
134	4328.4742
134	4254.3945
134	3908.0851
134	4855.3467
134	4596.3125
134	3706.7586
134	3883.3092
134	5061.1405
134	4574.5162
134	5031.3785
134	4637.3694
134	5501.3615
134	5657.6737
134	4153.3147
134	5045.6821
134	4576.3091
134	4123.3187
134	4054.6288
134	3850.5396
134	4010.2917
134	4172.9592
134	4455.9846
134	4417.4912
134	5230.9308
134	4080.608
134	4214.9088
135	5026.1243
135	4479.6843
135	5140.3442
135	4870.3533
135	4243.0562
135	4540.5737
135	4753.0189
135	3968.5883
135	4655.9662
135	3710.1822
135	4095.7737
135	4580.4011
135	5227.0615
135	4700.2804
135	3922.3385
135	4176.161
135	4597.2357
135	4447.3918
135	4163.734
135	6092.9273
135	3699.806
135	4408.566
135	4597.9419
135	3844.9011
135	4296.6246
135	4273.1046
135	3893.06
135	4867.9149
135	4596.3125
135	3678.882
135	3877.9791
135	5061.5126
135	4574.5162
135	5120.6796
135	4632.0096
135	5475.0415
135	5662.2203
135	4109.7855
135	5045.6821
135	4591.4013
135	4123.3187
135	4054.6288
135	3857.9571
135	4010.2917
135	4191.2243
135	4455.9846
135	4417.4912
135	5233.0118
135	3839.6504
135	4243.6741
136	4894.3935
136	4509.1207
136	5209.6542
136	4870.3533
136	4256.365
136	4529.507
136	4753.0189
136	3968.5883
136	4502.5478
136	3725.8243
136	4095.7737
136	4580.4011
136	5227.0615
136	4700.2804
136	4064.8311
136	4211.1953
136	4601.0759
136	4447.3918
136	4163.734
136	6092.9273
136	3718.0481
136	4408.566
136	4597.9419
136	3796.4597
136	4250.436
136	4268.9759
136	3899.1145
136	4867.9149
136	4603.6455
136	3678.1057
136	3933.8742
136	5045.8952
136	4562.0478
136	5260.6006
136	4632.0096
136	5469.4028
136	5662.2203
136	4109.7855
136	5041.6952
136	4591.4013
136	4123.3187
136	4104.1371
136	3898.7965
136	4010.2917
136	4191.2243
136	4511.6088
136	4417.4912
136	5203.3557
136	3839.6504
136	4243.6741
137	4831.7715
137	4500.2992
137	5209.6542
137	4820.3985
137	4256.365
137	4529.507
137	4753.0189
137	3984.2517
137	4410.6986
137	3725.8243
137	4095.7737
137	4580.4011
137	5227.0615
137	4700.2804
137	4086.1425
137	4403.2816
137	4590.0814
137	4447.3918
137	4163.734
137	6092.9273
137	3681.0297
137	4401.215
137	4597.9419
137	3783.8153
137	4299.4482
137	4291.8886
137	3899.1145
137	4851.2414
137	4507.0901
137	3678.1057
137	3946.3413
137	5016.3434
137	4544.1859
137	5393.5853
137	4632.0096
137	5469.4028
137	5673.5678
137	4109.7855
137	5043.2174
137	4591.4013
137	4123.3187
137	4143.379
137	3910.6005
137	4010.2917
137	4191.2243
137	4628.7093
137	4417.4912
137	5203.3557
137	3765.3934
137	4146.2174
138	4616.4983
138	4500.2992
138	5209.6542
138	4801.1604
138	4304.823
138	4529.507
138	4753.0189
138	3984.2517
138	4357.3697
138	3725.8243
138	4095.7737
138	4571.1395
138	5234.7751
138	4700.2804
138	4128.3088
138	4403.2816
138	4592.0996
138	4447.3918
138	4163.734
138	5798.7005
138	3655.2085
138	4401.215
138	4597.9419
138	3783.8153
138	4323.5404
138	4291.8886
138	3899.1145
138	4851.2414
138	4409.2797
138	3678.1057
138	3960.7577
138	5016.3434
138	4511.9716
138	5393.5853
138	4632.0096
138	5469.4028
138	5673.5678
138	4109.7855
138	5036.1436
138	4591.4013
138	4099.4874
138	4151.6932
138	4077.9469
138	4010.2917
138	4191.2243
138	4674.0559
138	4417.4912
138	5221.3928
138	3765.3934
138	4111.3736
139	4616.4983
139	4500.2992
139	5209.6542
139	4838.4707
139	4282.5011
139	4529.507
139	4753.0189
139	3984.2517
139	4357.3697
139	3780.3219
139	4095.7737
139	4571.1395
139	5234.7751
139	4673.9129
139	4128.3088
139	4403.2816
139	4618.442
139	4441.7102
139	4163.734
139	5703.817
139	3681.1344
139	4401.215
139	4597.9419
139	3783.8153
139	4390.9105
139	4296.3932
139	3936.679
139	4851.2414
139	4383.3084
139	3676.1872
139	3960.7577
139	5005.9069
139	4511.9716
139	5393.5853
139	4632.0096
139	5469.4028
139	5673.5678
139	4070.1833
139	5036.1436
139	4591.4013
139	4099.4874
139	4138.7747
139	4077.9469
139	4010.2917
139	4191.2243
139	4786.2422
139	4417.4912
139	5221.3928
139	3765.3934
139	4111.3736
140	4616.4983
140	4549.0281
140	5209.6542
140	4868.4696
140	4282.5011
140	4539.0881
140	4753.0189
140	3984.2517
140	4357.3697
140	3819.3162
140	4095.7737
140	4542.9507
140	5234.7751
140	4688.814
140	4170.4402
140	4403.2816
140	4605.8085
140	4446.9554
140	4163.734
140	5626.5809
140	3681.1344
140	4401.215
140	4597.9419
140	3783.8153
140	4401.1347
140	4239.844
140	3953.1249
140	4851.2414
140	4383.3084
140	3676.1872
140	3960.7577
140	4923.1804
140	4511.9716
140	5336.9236
140	4632.0096
140	5469.4028
140	5673.5678
140	4070.1833
140	5066.0978
140	4591.4013
140	4099.4874
140	4138.7747
140	4077.9469
140	4010.2917
140	4191.2243
140	4897.4921
140	4417.4912
140	5210.3136
140	3765.3934
140	4111.3736
141	4616.4983
141	4570.995
141	5089.0313
141	4895.7596
141	4282.5011
141	4539.0881
141	4753.0189
141	3992.3042
141	4357.3697
141	3834.4775
141	4095.7737
141	4542.9507
141	5234.7751
141	4654.1577
141	4170.4402
141	4422.297
141	4578.1273
141	4446.9554
141	4163.734
141	5580.2245
141	3679.4865
141	4389.7697
141	4597.9419
141	3783.8153
141	4401.1347
141	4178.1147
141	3935.7542
141	4851.2414
141	4355.6227
141	3676.1872
141	3981.9513
141	4854.9039
141	4511.9716
141	5332.8791
141	4639.466
141	5469.4028
141	5667.5509
141	4087.7535
141	4975.743
141	4591.4013
141	4099.4874
141	4138.7747
141	4077.9469
141	4010.2917
141	4191.2243
141	4897.4921
141	4417.4912
141	5257.9311
141	3765.3934
141	4093.5567
142	4580.4745
142	4596.2372
142	5134.3218
142	4911.7128
142	4207.2582
142	4574.9307
142	4753.0189
142	4013.4916
142	4357.3697
142	3867.9261
142	4095.7737
142	4542.9507
142	5234.7751
142	4692.1855
142	4111.6645
142	4403.1352
142	4578.1273
142	4444.8996
142	4163.734
142	5431.9827
142	3693.2584
142	4405.5812
142	4597.9419
142	3783.8153
142	4401.1347
142	4091.2098
142	3930.6853
142	4851.2414
142	4326.4158
142	3681.0902
142	3992.3384
142	4782.7888
142	4425.607
142	5277.1113
142	4639.466
142	5469.4028
142	5515.5234
142	4082.8332
142	4975.743
142	4591.4013
142	4103.7901
142	4108.2121
142	4146.2257
142	4005.6713
142	4191.2243
142	4897.4921
142	4417.4912
142	5442.9935
142	3765.3934
142	4093.5567
143	4547.0977
143	4649.8175
143	5176.73
143	4934.6282
143	4207.2582
143	4629.3185
143	4737.1473
143	4013.4916
143	4357.3697
143	3867.9261
143	4204.3791
143	4542.9507
143	5234.7751
143	4692.1855
143	4106.5898
143	4393.1771
143	4578.1273
143	4444.8996
143	4252.5438
143	5383.941
143	3692.6205
143	4430.9376
143	4597.9419
143	3781.9811
143	4365.43
143	4060.2986
143	3931.7554
143	4851.2414
143	4318.6151
143	3681.0902
143	3996.1024
143	4774.0426
143	4425.607
143	5319.9011
143	4639.466
143	5469.4028
143	5166.3621
143	4077.6123
143	4874.0159
143	4489.8524
143	4096.9169
143	4108.2121
143	4183.1249
143	4005.6713
143	4191.2243
143	4897.4921
143	4417.4912
143	5442.9935
143	3740.585
143	4093.5567
144	4515.527
144	4578.4217
144	5113.3564
144	4932.86
144	4178.1345
144	4629.3185
144	4737.1473
144	3988.8424
144	4357.3697
144	3887.7479
144	4204.3791
144	4542.9507
144	5234.7751
144	4692.1855
144	4115.6419
144	4369.0353
144	4541.973
144	4444.8996
144	4378.0473
144	5355.4893
144	3692.6205
144	4435.0351
144	4597.9419
144	3733.6235
144	4328.7916
144	4036.7137
144	3940.8833
144	4851.2414
144	4318.6151
144	3727.1623
144	3989.24
144	4774.0426
144	4326.8493
144	5319.9011
144	4639.466
144	5469.4028
144	5060.233
144	4041.0525
144	4874.0159
144	4382.9117
144	4078.2524
144	4107.9649
144	4210.2073
144	4014.5008
144	4215.9448
144	4897.4921
144	4417.4912
144	5442.9935
144	3740.585
144	4093.5567
145	4498.5698
145	4550.7217
145	5113.3564
145	4921.7893
145	4178.1345
145	4655.1107
145	4737.1473
145	3988.8424
145	4357.3697
145	3887.7479
145	4302.5709
145	4542.9507
145	5234.7751
145	4699.0892
145	4102.9423
145	4381.7461
145	4568.8231
145	4444.8996
145	4447.5011
145	5305.4786
145	3762.6809
145	4435.0351
145	4597.9419
145	3733.6235
145	4316.7231
145	4036.7137
145	3932.1375
145	4851.2414
145	4318.6151
145	3750.4522
145	4007.4203
145	4703.4559
145	4326.8493
145	5319.9011
145	4639.466
145	5469.4028
145	5009.7902
145	4041.0525
145	4874.0159
145	4332.5509
145	4038.878
145	4107.9649
145	4210.2073
145	4014.5008
145	4215.9448
145	4897.4921
145	4417.4912
145	5491.0716
145	3740.585
145	4093.5567
146	4498.5698
146	4554.6839
146	5113.3564
146	4921.7893
146	4178.1345
146	4655.1107
146	4737.1473
146	3988.8424
146	4357.3697
146	3905.0612
146	4302.5709
146	4542.9507
146	5234.7751
146	4659.6544
146	4082.3812
146	4488.7886
146	4595.3751
146	4444.8996
146	4550.6268
146	5228.1995
146	3762.6809
146	4481.5088
146	4597.9419
146	3647.0768
146	4263.2702
146	3988.1631
146	3932.1375
146	4851.2414
146	4306.8301
146	3759.3103
146	3997.2656
146	4744.8629
146	4264.3757
146	5319.9011
146	4639.466
146	5469.4028
146	5009.7902
146	4051.0062
146	4854.2761
146	4332.5509
146	4038.878
146	4107.9649
146	4291.0693
146	4014.5008
146	4378.3293
146	4897.4921
146	4417.4912
146	5631.6183
146	3740.585
146	4093.5567
147	4488.2554
147	4554.6839
147	5105.0459
147	4921.7893
147	4178.1345
147	4655.1107
147	4749.4689
147	3988.8424
147	4357.3697
147	3921.5529
147	4302.5709
147	4542.9507
147	5234.7751
147	4669.5331
147	4094.0919
147	4488.7886
147	4611.5851
147	4444.8996
147	4550.6268
147	5099.37
147	3789.245
147	4434.9797
147	4597.9419
147	3586.7205
147	4189.4204
147	3988.1631
147	3932.1375
147	4851.2414
147	4289.3725
147	3759.3103
147	3995.4115
147	4840.3008
147	4264.3757
147	5291.8785
147	4639.466
147	5346.219
147	4976.4685
147	4051.0062
147	4843.9145
147	4332.5509
147	4050.3344
147	4148.7112
147	4269.7993
147	3993.572
147	4445.997
147	4897.4921
147	4417.4912
147	5778.7127
147	3740.585
147	4093.5567
148	4478.0125
148	4545.4221
148	4901.3942
148	4921.7893
148	4185.3306
148	4655.1107
148	4674.8895
148	4013.8729
148	4357.3697
148	3970.8047
148	4302.5709
148	4530.7246
148	5234.7751
148	4684.6717
148	4094.0919
148	4488.7886
148	4611.5851
148	4424.37
148	4550.6268
148	4915.8242
148	3807.0703
148	4419.8555
148	4597.9419
148	3559.8537
148	4199.7565
148	3988.1631
148	3932.1375
148	4840.0257
148	4226.3167
148	3768.9269
148	3995.4115
148	4816.8177
148	4240.6679
148	5286.6647
148	4639.466
148	5346.219
148	4757.601
148	4051.0062
148	4843.9145
148	4332.5509
148	3939.3912
148	4163.0884
148	4274.0706
148	3828.3519
148	4479.7877
148	4897.4921
148	4417.4912
148	5778.7127
148	3740.585
148	4093.5567
149	4476.7947
149	4502.2363
149	4877.5607
149	4921.7893
149	4197.1953
149	4655.1107
149	4598.0584
149	4017.313
149	4357.3697
149	4053.6782
149	4268.9413
149	4530.7246
149	5234.7751
149	4738.4105
149	4102.3079
149	4488.7886
149	4687.0484
149	4441.1313
149	4550.6268
149	4882.5671
149	3807.0703
149	4382.7546
149	4597.9419
149	3559.8537
149	4199.7565
149	3988.1631
149	3932.1375
149	4806.9032
149	4226.3167
149	3796.7307
149	3979.8404
149	4822.5794
149	4240.6679
149	5278.9863
149	4639.466
149	5222.709
149	4757.601
149	4051.0062
149	4843.9145
149	4277.8397
149	3917.3998
149	4120.0042
149	4262.1608
149	3802.92
149	4479.7877
149	4897.4921
149	4417.4912
149	5778.7127
149	3724.8684
149	4093.5567
150	4476.7947
150	4545.7911
150	4877.5607
150	4921.7893
150	4244.169
150	4655.1107
150	4620.9702
150	4026.9377
150	4357.3697
150	4221.6288
150	4268.9413
150	4530.7246
150	5234.7751
150	4738.4105
150	4102.3079
150	4399.8533
150	4666.9741
150	4444.9403
150	4561.4422
150	4882.5671
150	3897.2942
150	4425.2797
150	4597.9419
150	3559.8537
150	4199.7565
150	3988.1631
150	3914.0616
150	4792.9266
150	4226.3167
150	3796.7307
150	3979.8404
150	4822.5794
150	4240.6679
150	5251.6769
150	4644.2339
150	5157.7102
150	4723.5622
150	4019.5353
150	4843.9145
150	4178.8152
150	3917.3998
150	4092.0602
150	4283.9579
150	3799.0307
150	4479.7877
150	4939.5428
150	4417.4912
150	5778.7127
150	3712.4916
150	4047.7583
