population	sample	category	called_sites	derived_copies	homozygous_derived	derived_copies_per_called_site	homozygous_derived_per_called_site
ABB	4051	HIGH	14	8	4	0.571429	0.285714
ABB	4051	missense	1050	392	171	0.373333	0.162857
ABB	4051	synonymous	1462	626	269	0.428181	0.183995
ABB	4187	HIGH	14	8	4	0.571429	0.285714
ABB	4187	missense	1050	381	124	0.362857	0.118095
ABB	4187	synonymous	1462	638	209	0.436389	0.142955
ABB	4212	HIGH	14	6	2	0.428571	0.142857
ABB	4212	missense	1050	367	133	0.349524	0.126667
ABB	4212	synonymous	1462	617	214	0.422025	0.146375
ABB	4567	HIGH	14	9	4	0.642857	0.285714
ABB	4567	missense	1050	378	129	0.36	0.122857
ABB	4567	synonymous	1462	607	208	0.415185	0.142271
ABB	4573	HIGH	14	8	4	0.571429	0.285714
ABB	4573	missense	1050	377	127	0.359048	0.120952
ABB	4573	synonymous	1462	598	202	0.409029	0.138167
ABB	4586	HIGH	14	8	4	0.571429	0.285714
ABB	4586	missense	1050	384	160	0.365714	0.152381
ABB	4586	synonymous	1462	633	267	0.432969	0.182627
ABB	8391	HIGH	14	6	2	0.428571	0.142857
ABB	8391	missense	1050	356	116	0.339048	0.110476
ABB	8391	synonymous	1462	600	191	0.410397	0.130643
ABB	8440	HIGH	14	6	2	0.428571	0.142857
ABB	8440	missense	1050	368	147	0.350476	0.14
ABB	8440	synonymous	1462	609	225	0.416553	0.153899
ABB	8657	HIGH	14	8	4	0.571429	0.285714
ABB	8657	missense	1050	376	115	0.358095	0.109524
ABB	8657	synonymous	1462	619	192	0.423393	0.131327
ABB	8811	HIGH	14	8	4	0.571429	0.285714
ABB	8811	missense	1050	367	167	0.349524	0.159048
ABB	8811	synonymous	1462	626	287	0.428181	0.196306
SBB	U1897	HIGH	14	4	1	0.285714	0.0714286
SBB	U1897	missense	1050	364	74	0.346667	0.0704762
SBB	U1897	synonymous	1462	589	122	0.402873	0.0834473
SBB	U1899	HIGH	14	6	1	0.428571	0.0714286
SBB	U1899	missense	1050	391	97	0.372381	0.092381
SBB	U1899	synonymous	1462	606	160	0.414501	0.109439
SBB	U1902	HIGH	14	4	1	0.285714	0.0714286
SBB	U1902	missense	1050	355	101	0.338095	0.0961905
SBB	U1902	synonymous	1462	582	167	0.398085	0.114227
SBB	U1916	HIGH	14	5	2	0.357143	0.142857
SBB	U1916	missense	1050	371	98	0.353333	0.0933333
SBB	U1916	synonymous	1462	590	159	0.403557	0.108755
SBB	U1919	HIGH	14	3	1	0.214286	0.0714286
SBB	U1919	missense	1050	363	124	0.345714	0.118095
SBB	U1919	synonymous	1462	555	199	0.379617	0.136115
SBB	U1920	HIGH	14	3	1	0.214286	0.0714286
SBB	U1920	missense	1050	365	84	0.347619	0.08
SBB	U1920	synonymous	1462	565	131	0.386457	0.0896033
SBB	U1923	HIGH	14	6	2	0.428571	0.142857
SBB	U1923	missense	1050	362	83	0.344762	0.0790476
SBB	U1923	synonymous	1462	554	143	0.378933	0.0978112
SBB	U1925	HIGH	14	5	2	0.357143	0.142857
SBB	U1925	missense	1050	355	112	0.338095	0.106667
SBB	U1925	synonymous	1462	596	181	0.407661	0.123803
