population	sample	impact	called_scored_sites	derived_copies	heterozygous_positive_GERP	homozygous_derived_positive_GERP	total_derived_positive_GERP	total_per_called_scored_site
ABB	4051	MODIFIER	74055	32356	369.874	2426.8	2796.68	0.0377649
ABB	4051	LOW	1607	680	7.598	72.676	80.274	0.0499527
ABB	4051	MODERATE	970	358	12.8154	83.4132	96.2286	0.0992047
ABB	4051	HIGH	13	8	0	5.408	5.408	0.416
ABB	4187	MODIFIER	74055	32035	940.245	1844.64	2784.88	0.0376056
ABB	4187	LOW	1607	687	24.1063	50.092	74.1983	0.0461719
ABB	4187	MODERATE	970	355	37.3264	54.005	91.3314	0.0941561
ABB	4187	HIGH	13	8	0	5.408	5.408	0.416
ABB	4212	MODIFIER	74055	31924	572.171	2222.03	2794.2	0.0377314
ABB	4212	LOW	1607	673	24.027	46.776	70.803	0.0440591
ABB	4212	MODERATE	970	345	36.5451	47.879	84.4241	0.0870352
ABB	4212	HIGH	13	6	0.494	4.42	4.914	0.378
ABB	4567	MODIFIER	74055	32353	583.042	2234.43	2817.48	0.0380457
ABB	4567	LOW	1607	669	20.0333	58.422	78.4553	0.048821
ABB	4567	MODERATE	970	351	29.4018	70.251	99.6528	0.102735
ABB	4567	HIGH	13	9	0.145	5.408	5.553	0.427154
ABB	4573	MODIFIER	74055	32333	535.696	2288.1	2823.8	0.0381311
ABB	4573	LOW	1607	659	17.109	58.902	76.011	0.0472999
ABB	4573	MODERATE	970	350	29.2308	70.619	99.8498	0.102938
ABB	4573	HIGH	13	8	0	5.408	5.408	0.416
ABB	4586	MODIFIER	74055	32226	492.715	2310.83	2803.54	0.0378576
ABB	4586	LOW	1607	684	4.291	80.172	84.463	0.0525594
ABB	4586	MODERATE	970	357	12.4725	79.661	92.1335	0.094983
ABB	4586	HIGH	13	8	0	5.408	5.408	0.416
ABB	8391	MODIFIER	74055	32018	695.166	2106.01	2801.18	0.0378257
ABB	8391	LOW	1607	655	19.232	43.19	62.422	0.0388438
ABB	8391	MODERATE	970	334	30.8981	47.555	78.4531	0.0808795
ABB	8391	HIGH	13	6	0.494	4.42	4.914	0.378
ABB	8440	MODIFIER	74055	32110	372.116	2432.28	2804.39	0.037869
ABB	8440	LOW	1607	681	13.403	44.962	58.365	0.0363192
ABB	8440	MODERATE	970	339	13.544	60.1566	73.7006	0.07598
ABB	8440	HIGH	13	6	0.494	4.42	4.914	0.378
ABB	8657	MODIFIER	74055	32013	771.585	2022.15	2793.73	0.0377251
ABB	8657	LOW	1607	683	26.721	43.14	69.861	0.0434729
ABB	8657	MODERATE	970	348	43.8678	45.919	89.7868	0.0925637
ABB	8657	HIGH	13	8	0	5.408	5.408	0.416
ABB	8811	MODIFIER	74055	32020	389.299	2396.48	2785.78	0.0376177
ABB	8811	LOW	1607	674	3.04	81.72	84.76	0.0527442
ABB	8811	MODERATE	970	347	10.58	81.225	91.805	0.0946443
ABB	8811	HIGH	13	8	0	5.408	5.408	0.416
SBB	U1897	MODIFIER	74055	31252	1652.09	1130.13	2782.22	0.0375697
SBB	U1897	LOW	1607	633	40.6282	16.85	57.4782	0.0357674
SBB	U1897	MODERATE	970	338	43.7751	23.2274	67.0025	0.0690747
SBB	U1897	HIGH	13	4	0	0.24	0.24	0.0184615
SBB	U1899	MODIFIER	74055	31586	1430.44	1418.62	2849.06	0.0384722
SBB	U1899	LOW	1607	666	25.2697	36.8346	62.1043	0.0386461
SBB	U1899	MODERATE	970	360	47.1471	32.2814	79.4285	0.081885
SBB	U1899	HIGH	13	6	0.595	0.24	0.835	0.0642308
SBB	U1902	MODIFIER	74055	31390	1324.41	1450.68	2775.09	0.0374733
SBB	U1902	LOW	1607	632	23.9257	35.668	59.5937	0.0370838
SBB	U1902	MODERATE	970	336	39.0622	36.8314	75.8936	0.0782408
SBB	U1902	HIGH	13	4	0.614	0.434	1.048	0.0806154
SBB	U1916	MODIFIER	74055	31363	1243.98	1567.22	2811.21	0.0379611
SBB	U1916	LOW	1607	645	29.054	31.336	60.39	0.0375793
SBB	U1916	MODERATE	970	343	38.59	28.318	66.908	0.0689773
SBB	U1916	HIGH	13	5	0	0.24	0.24	0.0184615
SBB	U1919	MODIFIER	74055	31505	879.592	1910.87	2790.46	0.037681
SBB	U1919	LOW	1607	622	15.2967	42.832	58.1287	0.0361722
SBB	U1919	MODERATE	970	339	30.3013	53.5896	83.8909	0.0864854
SBB	U1919	HIGH	13	3	0	0.24	0.24	0.0184615
SBB	U1920	MODIFIER	74055	31219	1181.74	1572.49	2754.23	0.0371917
SBB	U1920	LOW	1607	605	25.4	28.1254	53.5254	0.0333077
SBB	U1920	MODERATE	970	336	36.751	33.2536	70.0046	0.0721697
SBB	U1920	HIGH	13	3	0	0.24	0.24	0.0184615
SBB	U1923	MODIFIER	74055	31550	1259.87	1522.88	2782.76	0.0375769
SBB	U1923	LOW	1607	600	33.4332	22.394	55.8272	0.03474
SBB	U1923	MODERATE	970	340	45.1021	27.1254	72.2275	0.0744613
SBB	U1923	HIGH	13	5	0	1.228	1.228	0.0944615
SBB	U1925	MODIFIER	74055	31377	1330.13	1485.32	2815.45	0.0380183
SBB	U1925	LOW	1607	641	25.38	35.0714	60.4514	0.0376175
SBB	U1925	MODERATE	970	326	23.8813	39.7974	63.6787	0.0656481
SBB	U1925	HIGH	13	5	0.101	0.24	0.341	0.0262308
