population	sample	called_scored_sites	derived_copies	heterozygous_derived_sites_GERP_gt2	homozygous_derived_sites_GERP_gt2	total_derived_sites_GERP_gt2	total_GERP_gt2_sites_per_called_scored_site
ABB	4051	76645	33402	15	53	68	0.000887207
ABB	4187	76645	33085	37	44	81	0.00105682
ABB	4212	76645	32948	26	49	75	0.000978537
ABB	4567	76645	33382	20	52	72	0.000939396
ABB	4573	76645	33350	27	49	76	0.000991585
ABB	4586	76645	33275	14	56	70	0.000913302
ABB	8391	76645	33013	30	45	75	0.000978537
ABB	8440	76645	33136	11	53	64	0.000835019
ABB	8657	76645	33052	35	45	80	0.00104377
ABB	8811	76645	33049	17	54	71	0.000926349
SBB	U1897	76645	32227	83	24	107	0.00139605
SBB	U1899	76645	32618	74	24	98	0.00127862
SBB	U1902	76645	32362	67	23	90	0.00117424
SBB	U1916	76645	32356	52	34	86	0.00112206
SBB	U1919	76645	32469	43	47	90	0.00117424
SBB	U1920	76645	32163	49	41	90	0.00117424
SBB	U1923	76645	32495	59	38	97	0.00126558
SBB	U1925	76645	32349	63	29	92	0.00120034
